date,ecoli_mpn_100ml,n_samples,n_sites,sites,censored,station_name,unsafe,water_temp_c,sp_conductance_uscm,dissolved_oxygen_mgl,ph,turbidity_fnu_mean,turbidity_fnu_max,precip_mm,precip_prev_24h_mm,precip_prev_48h_mm,precip_prev_72h_mm,precip_prev_7d_mm,rain_prev_48h_flag
2019-05-15,1203.3,1,1,DRBC-DEL-LL,False,Penns Landing near-shore (collapsed),1,13.2,188.0,9.4,7.3,,,0.0,0.3,23.899999999999988,49.8,66.10000000000007,1
2019-05-20,71.2,1,1,DRBC-DEL-LL,False,Penns Landing near-shore (collapsed),0,15.9,167.0,9.0,7.2,,,0.0,0.0,0.0,1.7999999999999965,25.700000000000067,0
2019-05-29,90.9,1,1,DRBC-DEL-LL,False,Penns Landing near-shore (collapsed),0,20.6,216.0,7.3,7.2,,,5.1,8.9,8.899999999999986,11.899999999999997,26.900000000000063,1
2019-06-10,118.7,1,1,DRBC-DEL-LL,False,Penns Landing near-shore (collapsed),0,21.6,222.0,6.7,7.2,,,5.1,0.0,0.0,0.0,17.30000000000006,0
2019-06-19,298.7,1,1,DRBC-DEL-LL,False,Penns Landing near-shore (collapsed),1,21.8,238.0,7.3,7.2,,,44.7,0.0,2.7999999999999856,3.7999999999999927,41.60000000000005,1
2019-06-25,307.6,1,1,DRBC-DEL-LL,False,Penns Landing near-shore (collapsed),1,22.0,180.0,6.2,7.0,,,0.0,0.0,0.0,0.0,118.90000000000006,0
2019-07-01,1046.2,1,1,DRBC-DEL-LL,False,Penns Landing near-shore (collapsed),1,24.2,204.0,6.4,7.0,,,0.0,0.0,2.2999999999999856,4.599999999999985,4.6000000000000565,0
2019-07-09,261.3,1,1,DRBC-DEL-LL,False,Penns Landing near-shore (collapsed),1,26.6,239.0,5.8,7.0,,,0.0,2.5,2.499999999999986,60.19999999999999,82.10000000000005,0
2019-07-22,184.2,1,1,DRBC-DEL-LL,False,Penns Landing near-shore (collapsed),0,28.4,242.0,5.4,7.0,,,9.4,0.0,0.0,0.0,14.000000000000057,0
2019-07-30,59.1,1,1,DRBC-DEL-LL,False,Penns Landing near-shore (collapsed),0,27.9,259.0,6.6,7.2,,,0.0,0.3,0.2999999999999858,0.2999999999999858,13.000000000000057,0
2019-08-06,866.4,2,1,DRBC-DEL-LL,False,Penns Landing near-shore (collapsed),1,27.7,262.0,4.9,7.0,,,0.3,0.0,0.0,0.0,0.30000000000005683,0
2019-08-12,579.4,1,1,DRBC-DEL-LL,False,Penns Landing near-shore (collapsed),1,27.1,277.0,5.4,7.1,,,0.0,0.0,0.0,0.0,41.70000000000005,0
2019-08-19,145.0,2,1,DRBC-DEL-LL,False,Penns Landing near-shore (collapsed),0,27.2,296.0,4.8,7.0,,,0.8,0.0,0.0,0.0,14.300000000000056,0
2019-08-28,488.4,1,1,DRBC-DEL-LL,False,Penns Landing near-shore (collapsed),1,25.5,301.0,4.7,7.0,,,0.8,0.0,0.0,0.0,13.200000000000056,0
2019-09-04,2419.6,2,1,DRBC-DEL-LL,False,Penns Landing near-shore (collapsed),1,25.4,313.0,5.2,7.0,,,4.8,0.0,6.099999999999985,6.099999999999985,6.900000000000056,1
2019-09-09,517.2,2,1,DRBC-DEL-LL,False,Penns Landing near-shore (collapsed),1,24.3,314.0,5.5,7.1,,,0.0,0.0,0.0,1.7999999999999858,12.700000000000056,0
2019-09-16,816.4,2,1,DRBC-DEL-LL,False,Penns Landing near-shore (collapsed),1,24.2,331.0,5.1,7.1,,,0.0,1.5,3.499999999999986,3.499999999999986,6.300000000000057,1
2019-09-24,1553.1,2,1,DRBC-DEL-LL,False,Penns Landing near-shore (collapsed),1,23.5,350.0,5.2,7.2,,,0.0,6.1,6.099999999999985,6.099999999999985,6.1000000000000565,1
2020-07-14,70.8,1,1,DRBC-DEL-LL,False,Penns Landing near-shore (collapsed),0,27.4,245.0,5.0,7.0,,,0.0,1.0,2.7999999999999856,2.7999999999999856,108.20000000000007,1
2020-07-21,21.3,1,1,DRBC-DEL-LL,False,Penns Landing near-shore (collapsed),0,27.9,228.0,5.0,6.9,,,0.0,0.0,0.0,0.0,0.30000000000007104,0
2020-07-29,28.1,1,1,DRBC-DEL-LL,False,Penns Landing near-shore (collapsed),0,28.7,225.0,4.1,6.8,,,0.0,0.0,0.0,0.0,18.00000000000007,0
2020-08-03,18.1,1,1,DRBC-DEL-LL,False,Penns Landing near-shore (collapsed),0,29.0,239.0,4.8,6.9,,,0.0,0.0,0.0,2.999999999999986,8.10000000000007,0
2020-08-05,1553.1,1,1,DRBC-DEL-LL,False,Penns Landing near-shore (collapsed),1,27.9,231.0,5.4,7.2,,,0.0,105.7,105.69999999999999,105.69999999999999,113.80000000000007,1
2020-08-11,82.3,1,1,DRBC-DEL-LL,False,Penns Landing near-shore (collapsed),0,24.7,156.0,5.3,6.9,,,0.0,0.0,0.0,0.0,143.10000000000008,0
2020-08-12,104.6,2,1,DRBC-DEL-LL,False,Penns Landing near-shore (collapsed),0,24.9,,5.2,6.8,,,36.6,0.0,0.0,0.0,37.40000000000007,0
2020-08-17,178.9,1,1,DRBC-DEL-LL,False,Penns Landing near-shore (collapsed),0,25.0,,4.6,6.8,,,0.0,16.0,15.999999999999986,15.999999999999986,53.90000000000008,1
2020-08-18,131.4,1,1,DRBC-DEL-LL,False,Penns Landing near-shore (collapsed),0,25.2,,4.6,6.8,,,0.0,0.0,15.999999999999986,15.999999999999986,53.90000000000008,1
2020-08-25,209.8,1,1,DRBC-DEL-LL,False,Penns Landing near-shore (collapsed),0,26.3,225.0,4.6,6.9,,,0.0,0.0,2.7999999999999856,2.7999999999999856,3.1000000000000707,1
2020-08-26,146.7,1,1,DRBC-DEL-LL,False,Penns Landing near-shore (collapsed),0,26.2,,4.7,6.9,,,0.0,0.0,0.0,2.7999999999999856,3.1000000000000707,0
2020-08-31,325.5,2,1,DRBC-DEL-LL,False,Penns Landing near-shore (collapsed),1,25.8,,4.8,7.0,,,0.5,0.0,2.999999999999986,16.199999999999985,16.20000000000007,1
2020-09-01,152.9,1,1,DRBC-DEL-LL,False,Penns Landing near-shore (collapsed),0,25.6,,4.8,7.0,,,0.0,0.5,0.4999999999999858,3.499999999999986,16.70000000000007,0
2020-09-08,27.9,1,1,DRBC-DEL-LL,False,Penns Landing near-shore (collapsed),0,25.7,267.0,5.2,7.1,,,0.0,0.0,0.0,0.0,2.300000000000071,0
2020-09-14,61.6,2,1,DRBC-DEL-LL,False,Penns Landing near-shore (collapsed),0,24.9,280.0,5.3,7.1,,,0.0,0.0,0.0,0.0,36.100000000000065,0
2020-09-15,41.0,1,1,DRBC-DEL-LL,False,Penns Landing near-shore (collapsed),0,24.3,280.0,5.5,7.1,,,0.0,0.0,0.0,0.0,36.100000000000065,0
2020-09-22,30.5,1,1,DRBC-DEL-LL,False,Penns Landing near-shore (collapsed),0,21.5,288.0,6.3,7.2,,,0.0,0.0,0.0,0.0,1.500000000000071,0
2021-05-24,39.9,1,1,DRBC-DEL-LL,False,Penns Landing near-shore (collapsed),0,19.3,217.0,9.6,7.3,,,0.0,0.0,0.0,0.0,0.0,0
2021-06-01,101.4,1,1,DRBC-DEL-LL,False,Penns Landing near-shore (collapsed),0,19.3,253.0,7.4,7.2,,,0.0,0.0,7.399999999999986,24.19999999999999,64.80000000000007,1
2021-06-08,76.7,1,1,DRBC-DEL-LL,False,Penns Landing near-shore (collapsed),0,21.5,271.0,6.2,7.1,,,11.2,0.0,0.0,0.0,27.200000000000074,0
2021-06-14,43.5,1,1,DRBC-DEL-LL,False,Penns Landing near-shore (collapsed),0,22.9,266.0,5.0,7.0,,,20.1,0.0,0.0,7.899999999999986,19.100000000000072,0
2021-06-21,48.8,1,1,DRBC-DEL-LL,False,Penns Landing near-shore (collapsed),0,24.3,278.0,6.5,7.1,,,4.3,0.0,0.9999999999999822,0.9999999999999858,22.100000000000072,0
2021-06-28,90.6,1,1,DRBC-DEL-LL,False,Penns Landing near-shore (collapsed),0,25.1,293.0,6.5,7.1,,,0.0,0.0,0.2999999999999822,0.2999999999999858,8.400000000000071,0
2021-07-06,139.6,1,1,DRBC-DEL-LL,False,Penns Landing near-shore (collapsed),0,26.3,298.0,4.4,7.0,,,0.0,0.0,2.999999999999986,17.499999999999986,64.20000000000007,1
2021-07-13,2419.6,2,1,DRBC-DEL-LL,False,Penns Landing near-shore (collapsed),1,27.2,246.0,4.9,7.0,,,0.0,27.7,27.699999999999985,27.699999999999985,47.200000000000074,1
2021-07-20,613.1,5,5,DRBC-C1;DRBC-C2;DRBC-C3;DRBC-C4;DRBC-C5,False,Penns Landing near-shore (collapsed),1,25.9,179.0,5.6,6.9,,,0.0,0.0,0.0,51.09999999999999,51.10000000000007,0
2021-07-21,123.4,1,1,DRBC-DEL-LL,False,Penns Landing near-shore (collapsed),0,26.0,175.0,5.3,6.8,,,3.6,0.0,0.0,0.0,51.10000000000008,0
2021-07-26,272.3,5,5,DRBC-C1;DRBC-C2;DRBC-C3;DRBC-C4;DRBC-C5,False,Penns Landing near-shore (collapsed),1,25.6,167.0,5.2,6.8,,,0.0,1.5,1.4999999999999858,1.4999999999999858,5.100000000000078,0
2021-07-27,88.4,1,1,DRBC-DEL-LL,False,Penns Landing near-shore (collapsed),0,25.8,168.0,5.1,6.8,,,0.0,0.0,1.4999999999999858,1.4999999999999858,5.100000000000078,0
2021-08-03,62.0,1,1,DRBC-DEL-LL,False,Penns Landing near-shore (collapsed),0,25.1,196.0,5.6,6.8,,,0.0,0.0,2.7999999999999856,2.7999999999999856,6.900000000000078,1
2021-08-09,1299.7,6,5,DRBC-C1;DRBC-C2;DRBC-C3;DRBC-C4;DRBC-C5,False,Penns Landing near-shore (collapsed),1,,,,,,,0.0,17.5,20.799999999999986,20.799999999999986,20.80000000000008,1
2021-08-10,1119.9,1,1,DRBC-DEL-LL,False,Penns Landing near-shore (collapsed),1,,,,,,,9.9,0.0,17.499999999999986,20.799999999999986,20.80000000000008,1
2021-08-16,38.8,1,1,DRBC-DEL-LL,False,Penns Landing near-shore (collapsed),0,26.8,251.0,4.8,6.9,,,0.0,0.0,0.0,0.0,12.400000000000079,0
2021-08-23,2419.6,5,5,DRBC-C1;DRBC-C2;DRBC-C3;DRBC-C4;DRBC-C5,False,Penns Landing near-shore (collapsed),1,,,,,,,5.6,21.8,26.399999999999984,33.29999999999998,34.80000000000008,1
2021-08-24,387.3,1,1,DRBC-DEL-LL,False,Penns Landing near-shore (collapsed),1,25.6,226.0,5.3,7.0,,,0.0,5.6,27.399999999999984,31.999999999999986,40.40000000000008,1
2021-08-30,344.8,1,1,DRBC-DEL-LL,False,Penns Landing near-shore (collapsed),1,,,,,,,0.0,0.0,80.49999999999999,80.49999999999999,86.10000000000008,1
2021-09-07,111.2,2,1,DRBC-DEL-LL,False,Penns Landing near-shore (collapsed),0,19.9,143.0,7.3,6.9,,,0.0,0.8,1.7999999999999858,1.7999999999999858,62.00000000000007,0
2022-05-31,105.4,1,1,DRBC-DEL-LL,False,Penns Landing near-shore (collapsed),0,22.5,228.0,6.7,7.2,6.259375,13.6,0.0,0.0,0.0,5.099999999999985,33.800000000000075,0
2022-06-13,2419.6,1,1,DRBC-DEL-LL,False,Penns Landing near-shore (collapsed),1,23.3,234.0,6.6,7.2,6.098263888888889,11.4,0.3,18.0,17.999999999999986,17.999999999999986,70.30000000000007,1
2022-06-21,21.6,1,1,DRBC-DEL-LL,False,Penns Landing near-shore (collapsed),0,22.7,227.0,6.8,7.2,7.821180555555555,15.9,0.3,0.0,0.0,0.0,9.400000000000077,0
2022-07-11,20.4,1,1,DRBC-DEL-LL,False,Penns Landing near-shore (collapsed),0,25.9,245.0,5.2,7.1,8.506620209059234,17.6,0.0,0.0,0.4999999999999858,0.4999999999999858,38.90000000000008,0
2022-07-25,96.0,1,1,DRBC-DEL-LL,False,Penns Landing near-shore (collapsed),0,28.4,284.0,5.2,7.2,6.796864111498258,16.3,0.0,0.0,0.0,0.0,0.5000000000000782,0
2022-08-15,34.1,1,1,DRBC-DEL-LL,False,Penns Landing near-shore (collapsed),0,27.7,327.0,5.0,7.2,7.044444444444444,15.2,0.0,0.0,0.0,0.0,46.70000000000008,0
2022-08-23,2419.6,1,1,DRBC-DEL-LL,False,Penns Landing near-shore (collapsed),1,27.2,328.0,4.6,7.1,9.160357142857142,16.8,0.0,4.3,5.599999999999985,5.599999999999985,5.600000000000078,1
2022-09-20,12.2,1,1,DRBC-DEL-LL,False,Penns Landing near-shore (collapsed),0,24.0,259.0,5.8,7.2,5.124305555555555,8.8,0.0,0.0,0.0,0.0,0.0,0
2024-06-26,2419.6,7,7,DRBC-6107-049;DRBC-6107-050;DRBC-6107-051;DRBC-6107-052;DRBC-6107-053;DRBC-6107-054;DRBC-6107-055,False,Penns Landing near-shore (collapsed),1,26.3,267.0,5.0,7.1,7.070731707317073,20.0,9.7,0.0,0.0,9.399999999999993,9.400000000000086,0
2024-07-01,2419.6,7,7,DRBC-6107-049;DRBC-6107-050;DRBC-6107-051;DRBC-6107-052;DRBC-6107-053;DRBC-6107-054;DRBC-6107-055,False,Penns Landing near-shore (collapsed),1,26.3,271.0,4.8,7.1,6.0538461538461545,15.4,0.0,34.8,44.499999999999986,44.499999999999986,55.20000000000008,1
2024-07-08,920.8,7,7,DRBC-6107-049;DRBC-6107-050;DRBC-6107-051;DRBC-6107-052;DRBC-6107-053;DRBC-6107-054;DRBC-6107-055,False,Penns Landing near-shore (collapsed),1,27.9,290.0,4.9,7.1,5.328671328671328,11.0,0.0,0.5,1.0,0.9999999999999858,1.0000000000000853,0
2024-07-15,980.4,7,7,DRBC-6107-049;DRBC-6107-050;DRBC-6107-051;DRBC-6107-052;DRBC-6107-053;DRBC-6107-054;DRBC-6107-055,False,Penns Landing near-shore (collapsed),1,28.8,296.0,4.2,7.1,4.470731707317073,10.1,0.0,14.2,14.199999999999982,30.999999999999982,42.900000000000084,1
2024-07-17,1986.3,7,7,DRBC-6107-049;DRBC-6107-050;DRBC-6107-051;DRBC-6107-052;DRBC-6107-053;DRBC-6107-054;DRBC-6107-055,False,Penns Landing near-shore (collapsed),1,29.2,298.0,4.4,7.1,4.568771929824561,10.9,0.0,5.3,5.299999999999982,19.499999999999986,48.20000000000008,1
2024-07-22,1046.2,7,7,DRBC-6107-049;DRBC-6107-050;DRBC-6107-051;DRBC-6107-052;DRBC-6107-053;DRBC-6107-054;DRBC-6107-055,False,Penns Landing near-shore (collapsed),1,28.6,291.0,4.2,7.1,5.061324041811846,12.8,4.6,0.0,0.0,0.0,5.3000000000000815,0
