n,n_years,station_id,name,dist_nearest_gauge_km,nearest_gauge,dist_turb_gauge_km,turb_gauge,turb_since
97.0,10,USGS-01481000,"Brandywine Creek at Chadds Ford, PA",0.0,01481000,0.0,01481000,2005-10-13
85.0,21,USGS-01463500,Delaware River at Trenton NJ,3.396124142032284e-06,01463500,3.396124142032284e-06,01463500,2004-06-01
60.0,11,21PA_WQX-WQN0105,BRANDYWINE CREEK,0.050078786882271804,01481000,0.050078786882271804,01481000,2005-10-13
70.0,4,DRBC-DEL-LL,Penns Landing Lagoon,0.17328505968243754,01467200,0.17328505968243754,01467200,2008-09-10
61.0,6,DRBC-1343 ICP,"Delaware River at Calhoun Street Bridge, Trenton",0.15275558872716447,01463500,0.15275558872716447,01463500,2004-06-01
45.0,9,21NJDEP1-01463500,DELAWARE RIVER AT TRENTON,0.15275558872716447,01463500,0.15275558872716447,01463500,2004-06-01
30.0,3,31DRBCSP-DRBCNJPAC01,Delaware River at Calhoun Street Bridge (composite),0.21749733595053805,01463500,0.21749733595053805,01463500,2004-06-01
111.0,7,31DELRBC-892077,Torresdale (RM 110.7),0.4352347009906367,014670261,0.4352347009906367,014670261,2018-09-30
182.0,20,31DELRBC_WQX-892077,Torresdale (RM 110.70),0.5018359825333361,014670261,0.5018359825333361,014670261,2018-09-30
88.0,7,31DELRBC-892071,Benjamin Franklin Bridge (RM 100.2),0.7320092644305441,01467200,0.7320092644305441,01467200,2008-09-10
177.0,20,31DELRBC_WQX-892071,Benjamin Franklin Bridge (RM 100.2),0.7976894463448262,01467200,0.7976894463448262,01467200,2008-09-10
34.0,7,USGS-01464020,Assunpink Creek at Peace St at Trenton NJ,0.0,01464020,0.9419469298257734,01463500,2004-06-01
45.0,9,21NJDEP1-01464020,"ASSUNPINK CK AT PEACE STREET, TRENTON NJ",0.190293664287008,01464020,1.1090472478165843,01463500,2004-06-01
67.0,4,DRBC-DEL-WA,Washington Ave. Green,1.5922278153295384,01467200,1.5922278153295384,01467200,2008-09-10
171.0,21,31DELRBC_WQX-091002,Reedy Island (RM 54.9),1.829286953431613,01482800,1.829286953431613,01482800,2009-04-18
91.0,7,31DELRBC-091002,Reedy Island (RM 54.9),1.8359621383512865,01482800,1.8359621383512865,01482800,2009-04-18
45.0,4,DRBC-DEL-PT,Penn Treaty Park,2.1667523744683526,01467194,2.388462537735258,01467200,2008-09-10
65.0,4,DRBC-DEL-PP,Payne Poynt Park,0.7949039483566223,01467194,2.478597563703456,01467200,2008-09-10
20.0,6,31DELRBC_WQX-Cooper River near mouth,Cooper River near mouth,0.00830991292868505,01467194,2.5166816252884043,01467200,2008-09-10
20.0,4,21NJDEP1-01465854,S BR RANCOCAS CREEK AT EAYRESTOWN,0.7380392900696743,01465900,2.478512559163247,01465850,2020-12-05
66.0,4,DRBC-DEL-RY,Riverton Yacht Club,0.044254393105139664,01467059,2.808113888237819,01467029,2003-11-01
66.0,6,31DELRBC-332068,Biles Channel (RM 131.04),0.698645235901873,01464040,4.7725582785288685,01463500,2004-06-01
68.0,4,DRBC-DEL-RC,Palmyra Cove,2.230847309002166,01467059,4.942676556082375,01467029,2003-11-01
46.0,9,21NJDEP1-01465893,LITTLE CREEK AT CHAIRVILLE,3.0494925034662965,01465880,5.092951342968271,01465850,2020-12-05
28.0,6,USGS-01465893,Little Creek at Chairville NJ,3.025324292324644,01465880,5.138085852744879,01465850,2020-12-05
172.0,21,31DELRBC_WQX-091015,Liston Point (RM 48.2),5.15783599094802,01482800,5.15783599094802,01482800,2009-04-18
101.0,7,31DELRBC-091015,Liston Point (RM 48.2),5.15783599094802,01482800,5.15783599094802,01482800,2009-04-18
68.0,4,DRBC-DEL-FA,Frankford Arsenal Access,3.3693176626105177,01467059,6.037064907950291,01467029,2003-11-01
48.0,9,21NJDEP1-01467005,"N BR RANCOCAS CREEK AT IRON WORK PARK, MOUNT HOLLY",0.13520046370467434,01467005,6.016641502489068,01465850,2020-12-05
28.0,6,USGS-0146700510,North Br Rancocas Ck below Mill Dam at Mt Holly NJ,0.023666333311942036,01467005,6.108987901238214,01465850,2020-12-05
176.0,21,31DELRBC_WQX-091011,Cherry Island (RM 71.0),3.4138589640332153,01480120,6.161832732011255,01481540,2025-07-22
90.0,7,31DELRBC-091011,Cherry Island (RM 71.0),3.4218325036099766,01480120,6.168287533359785,01481540,2025-07-22
258.0,20,31DELRBC_WQX-332068,Biles Channel (RM 131.04),2.4188138862470105,01464040,6.404263974427463,01463500,2004-06-01
172.0,21,31DELRBC_WQX-332046,Oldmans Point (RM 74.9),6.725517853025532,01480120,7.085453599224873,01481540,2025-07-22
110.0,7,31DELRBC-332046,Oldmans Point (RM 74.9),6.733572569342662,01480120,7.0948736922807205,01481540,2025-07-22
71.0,4,DRBC-DEL-SK,Pennsauken Access,4.685864386575806,01467087,7.339286160935378,01467200,2008-09-10
88.0,7,31DELRBC-892070,Betsy Ross Bridge (RM 104.75),4.302980776929465,01467087,7.443082098493798,01467200,2008-09-10
177.0,20,31DELRBC_WQX-892070,Betsy Ross Bridge (RM 104.75),4.271344128566857,01467087,7.564281782513828,01467200,2008-09-10
172.0,20,31DELRBC_WQX-892065,Navy Yard (RM 93.2),2.620055538035522,01474703,7.815313668490546,01467200,2008-09-10
139.0,7,31DELRBC-892065,Navy Yard (RM 93.2),2.04737585397698,01474703,7.948598451653254,01467200,2008-09-10
20.0,4,NJDEP_BFBM-01467069,NB PENNSAUKEN CK NR MOORESTOWN NJ,2.965206030608384,01467081,9.00374665353716,01467029,2003-11-01
66.0,4,DRBC-DEL-NP,National Park,1.400419154132339,01474703,9.56442895750208,01467200,2008-09-10
169.0,21,31DELRBC_WQX-091005,Pea Patch Island (RM 60.6),10.002612496055043,01482800,10.002612496055043,01482800,2009-04-18
127.0,7,31DELRBC-091005,Pea Patch Island (RM 60.6),10.003020156439293,01482800,10.003020156439293,01482800,2009-04-18
220.0,20,31DELRBC_WQX-332064,Florence Bend (RM 122.4),6.6530089170979165,01464600,10.91703602957708,01463500,2004-06-01
45.0,9,21NJDEP1-01467150,COOPER R AT HADDONFIELD NJ,0.03857105371877824,01467150,11.116394011387165,01467200,2008-09-10
34.0,7,USGS-01467150,Cooper River at Haddonfield NJ,0.0,01467150,11.154958808530447,01467200,2008-09-10
89.0,7,31DELRBC-892080,Burlington Bristol Bridge (RM 117.8),0.37891705525880787,01464600,11.537775446692862,014670261,2018-09-30
180.0,21,31DELRBC_WQX-332049,Marcus HooK  (RM 78.1),6.9074157359851975,01477050,11.59600263750217,01481540,2025-07-22
173.0,20,31DELRBC_WQX-892080,Burlington Bristol Bridge (RM 117.80),0.33166661267840375,01464600,11.591310078126106,014670261,2018-09-30
28.0,5,31DELRBC_WQX-Salem River at Route 49,Salem River at Route 49,7.800481168145987,01483050,11.566464722575146,01482800,2009-04-18
174.0,21,31DELRBC_WQX-091008,New Castle (RM 66.0),4.406123493783722,01482100,11.74027641402121,01481540,2025-07-22
90.0,7,31DELRBC-091008,New Castle (RM 66.0),4.4014926941857135,01482100,11.740905428212363,01481540,2025-07-22
72.0,6,31DELRBC-332064,Florence Bend (RM 122.4),5.519891827206978,01464600,11.740239886282522,01463500,2004-06-01
89.0,7,31DELRBC-332049,Marcus Hook (RM 78.1),6.562078473777941,01477050,11.948563613140239,01481540,2025-07-22
45.0,9,21NJDEP1-01467359,N BR BIG TIMBER CREEK AT GLENDORA,0.012948309729088506,01467359,13.89984139798256,01467200,2008-09-10
34.0,7,USGS-01467359,North Branch Big Timber Creek at Glendora NJ,0.0,01467359,13.897901402445378,01467200,2008-09-10
176.0,21,31DELRBC_WQX-332052,Paulsboro (RM 87.9),6.031147069983811,01474703,14.562318706712164,01474500,2020-06-15
89.0,7,31DELRBC-332052,Paulsboro (RM 87.9),6.183892942318804,01474703,14.56714541736101,01474500,2020-06-15
90.0,7,31DELRBC-091017,Smyrna River (RM 44.0),10.159765496509179,01413038,16.358094515200705,01482800,2009-04-18
285.0,21,31DELRBC_WQX-091017,Smyrna River (RM 44.0),9.468433134136415,01413038,17.568330897961953,01482800,2009-04-18
30.0,6,31DELRBC_WQX-Raccoon Creek at Route 130,Raccoon Creek at Route 130,4.078645234925847,01477050,17.73113629065425,01481540,2025-07-22
170.0,21,31DELRBC_WQX-892062,Eddystone (RM 84.0),3.4194155689718726,01477050,17.859610577278804,01474500,2020-06-15
89.0,7,31DELRBC-892062,Eddystone (RM 84.0),2.6288340291087353,01477050,18.56685750616521,01474500,2020-06-15
36.0,6,NJDEP_BFBM-AN0693,SALEM RIVER KINGS HIGHWAY,0.6953878585043142,01482530,20.034968967046314,01481540,2025-07-22
49.0,7,NJDEP_BFBM-AN0692,NICKOMUS RUN RT 45,1.6930689867610433,01482500,22.207288064383786,01481540,2025-07-22
29.0,6,USGS-01409387,Mullica River at outlet of Atsion Lk at Atsion NJ,11.854332067985553,01409416,22.424369845941456,01465850,2020-12-05
20.0,4,NJDEP_BFBM-AN0563,WESICKAMAN CK QUAKERBRIDGE RD,11.92901181993776,01409416,22.376702246574173,01465850,2020-12-05
47.0,9,21NJDEP1-01409387,MULLICA RIVER AT OUTLET OF ATSION LAKE AT ATSION,11.817208510309475,01409416,22.47152917048633,01465850,2020-12-05
35.0,7,USGS-01482500,Salem River at Woodstown NJ,0.0,01482500,23.246484644549383,01481540,2025-07-22
45.0,9,21NJDEP1-01482500,SALEM RIVER AT WOODSTOWN,0.03378471114110465,01482500,23.2556972999135,01481540,2025-07-22
42.0,7,NJDEP_BFBM-AN0691,SALEM RIVER MILL ST OUTLET MEMORIAL LAKE,0.032308997933709435,01482500,23.255867736602863,01481540,2025-07-22
82.0,5,RCE WRP-S10,"Salem River at Woodstown Station, 01482500",0.2424570726551586,01482500,23.360828263515632,01481540,2025-07-22
82.0,5,RCE WRP-S9,Salem River below East Lake,1.255675709993355,01482500,24.369364727662045,01481540,2025-07-22
45.0,9,21NJDEP1-01477120,RACCOON CREEK NEAR SWEDESBORO,0.02796180321010845,01477120,25.076041562224002,01467200,2008-09-10
36.0,7,USGS-01477120,Raccoon Creek near Swedesboro NJ,2.565090511562987e-06,01477120,25.070534712855675,01467200,2008-09-10
20.0,4,NJDEP_BFBM-01477120,RACCOON CREEK NEAR SWEDESBORO,0.02796180321010845,01477120,25.076041562224002,01467200,2008-09-10
82.0,5,RCE WRP-S8,Salem River below Avis Mill Pond,3.273464770610634,01482500,26.38847820706805,01481540,2025-07-22
45.0,9,21NJDEP1-01412800,COHANSEY RIVER AT SEELEY,12.818712919041152,01413038,27.032990095369065,01482800,2009-04-18
34.0,7,USGS-01412800,Cohansey River at Seeley NJ,12.801637718269104,01413038,27.02104660507191,01482800,2009-04-18
42.0,7,NJDEP_BFBM-BA74,"TRIB TO SALEM RIVER ON MAIN STREET,RT 615, RICHMANTOWN",3.8463051961852917,01482500,27.08457061027637,01481540,2025-07-22
42.0,7,NJDEP_BFBM-BA73,TRIB TO SALEM RIVER ON RENTER ROAD IN RICHMANTOWN,4.241603557994732,01482500,27.28282455271765,01481540,2025-07-22
42.0,7,NJDEP_BFBM-BFBM000239,Salem R Trib 3 at US Hwy 40,4.656502261530901,01482500,27.47893729258326,01481540,2025-07-22
45.0,9,21NJDEP1-0140940950,BLUE ANCHOR BROOK AT ELM,10.496573563966432,01411000,28.657211947177796,01465850,2020-12-05
34.0,7,USGS-0140940950,Blue Anchor Brook at Elm NJ,10.479121041431709,01411000,28.67586472713788,01465850,2020-12-05
81.0,5,RCE WRP-S3,Salem River and Tributary 1 confluence at Commissioner's Pik,5.9542003040798654,01482500,28.916721230119904,01482800,2009-04-18
42.0,7,NJDEP_BFBM-BFBM000240,Salem R UNT at Commissioners Pike (CR 581),6.712754731633293,01482500,29.04389643524023,01481540,2025-07-22
42.0,7,NJDEP_BFBM-AN0690,SALEM RIVER RT 581 COMMISIONERS RD,5.866739434772143,01482500,29.01066623613387,01482800,2009-04-18
82.0,5,RCE WRP-S2,Salem River below Daretoen Lake,6.930621154896353,01482500,29.191679590686388,01482800,2009-04-18
82.0,5,RCE WRP-S4,Salem River tributary 1 at Route 40,6.973339733856766,01482500,29.980831209211637,01481540,2025-07-22
82.0,5,RCE WRP-S1,Salem River below the Salem River Reservoir,8.499076721582494,01482500,30.025768032949863,01482800,2009-04-18
42.0,7,NJDEP_BFBM-01482455,SALEM RIVER AT ROUTE 77 NEAR POLE TAVERN NJ,9.162656800936539,01482500,30.51369815974836,01482800,2009-04-18
40.0,8,21NJDEP1-01409416,HAMMONTON CK AT WESCOATVILLE NJ,0.026552345549398552,01409416,34.27008295451532,01465850,2020-12-05
20.0,4,USGS-01409416,Hammonton Creek at Wescoatville NJ,0.0,01409416,34.25716347563088,01465850,2020-12-05
45.0,9,21NJDEP1-01411035,HOSPITALITY BROOK AT BLUE BELL ROAD NEAR CECIL,10.344794243883506,01410784,36.043517597460855,01467200,2008-09-10
36.0,7,USGS-01411035,Hospitality Branch at Blue Bell Road near Cecil NJ,10.350465195502926,01410784,36.04720245353665,01467200,2008-09-10
20.0,4,NJDEP_BFBM-01411670,Muddy Run at Route 611 at Elmer NJ,10.941727123429162,01477070,35.956629332348825,01482800,2009-04-18
45.0,9,21NJDEP1-01411466,INDIAN BROOK NEAR MALAGA,10.690121667883375,01411500,40.12629607463353,01467200,2008-09-10
35.0,7,USGS-01411466,Indian B near Malaga NJ,10.696829630286782,01411500,40.11903703412462,01467200,2008-09-10
40.0,8,21NJDEP1-01411500,MAURICE R AT NORMA NJ,0.057582144887330725,01411500,42.21543270799159,01482800,2009-04-18
30.0,6,USGS-01411500,Maurice River at Norma NJ,3.4322492887729968e-06,01411500,42.16041591460627,01482800,2009-04-18
40.0,8,21NJDEP1-01411110,GREAT EGG HARBOR R AT WEYMOUTH NJ,10.905838581622909,01411000,47.40476565361858,01465850,2020-12-05
22.0,4,USGS-01411110,Great Egg Harbor River at Weymouth NJ,10.901088422021866,01411000,47.40282575783999,01465850,2020-12-05
20.0,4,NJDEP_BFBM-01411110,GREAT EGG HARBOR R AT WEYMOUTH NJ,10.905838581622909,01411000,47.40476565361858,01465850,2020-12-05
25.0,5,NJDEP_BFBM-BFBM000070,Cedar Branch On Menantico Road,5.510145386412007,01412000,52.251526514289544,01482800,2009-04-18
