station_id,station_name,date,year,month,recreation_season,regime,water_temp_c,sp_conductance_uscm,dissolved_oxygen_mgl,ph,turbidity_fnu_mean,turbidity_fnu_max,precip_mm,precip_prev_24h_mm,precip_prev_48h_mm,precip_prev_72h_mm,precip_prev_7d_mm,rain_prev_48h_flag,ecoli_cfu_100ml,value_censored,unit,unsafe,exceeds_geomean_126,nearshore,source_sites
31DELRBC_WQX-892065,Navy Yard,2022-03-22,2022,3,0,B_post2021,9.3,234.0,11.3,7.5,6.709375,10.8,0.0,0.0,0.0,2.2999999999999856,6.6000000000000725,0,68.0,False,cfu/100mL,0,0,0,31DELRBC_WQX-892065
31DELRBC_WQX-892071,Ben Franklin Bridge,2022-03-22,2022,3,0,B_post2021,9.3,234.0,11.3,7.5,6.709375,10.8,0.0,0.0,0.0,2.2999999999999856,6.6000000000000725,0,110.0,False,cfu/100mL,0,0,0,31DELRBC_WQX-892071
31DELRBC_WQX-892065,Navy Yard,2022-04-11,2022,4,0,B_post2021,8.9,121.0,11.0,7.2,34.74722222222223,60.4,0.0,0.0,3.599999999999986,4.599999999999985,65.90000000000006,1,370.0,False,cfu/100mL,1,1,0,31DELRBC_WQX-892065
31DELRBC_WQX-892071,Ben Franklin Bridge,2022-04-11,2022,4,0,B_post2021,8.9,121.0,11.0,7.2,34.74722222222223,60.4,0.0,0.0,3.599999999999986,4.599999999999985,65.90000000000006,1,240.0,False,cfu/100mL,1,1,0,31DELRBC_WQX-892071
31DELRBC_WQX-892065,Navy Yard,2022-05-16,2022,5,1,B_post2021,16.4,207.0,8.5,7.2,7.854513888888889,18.5,1.3,0.0,2.999999999999986,9.899999999999986,9.90000000000008,1,1.0,True,,0,0,0,31DELRBC_WQX-892065
31DELRBC_WQX-892071,Ben Franklin Bridge,2022-05-16,2022,5,1,B_post2021,16.4,207.0,8.5,7.2,7.854513888888889,18.5,1.3,0.0,2.999999999999986,9.899999999999986,9.90000000000008,1,70.0,False,cfu/100mL,0,0,0,31DELRBC_WQX-892071
PENNSLANDING-NEARSHORE,Penns Landing near-shore (collapsed),2022-05-31,2022,5,1,B_post2021,22.5,228.0,6.7,7.2,6.259375,13.6,0.0,0.0,0.0,5.099999999999985,33.800000000000075,0,105.4,False,MPN/100mL,0,0,1,DRBC-DEL-LL
31DELRBC_WQX-892065,Navy Yard,2022-06-13,2022,6,1,B_post2021,23.3,234.0,6.6,7.2,6.098263888888889,11.4,0.3,18.0,17.999999999999986,17.999999999999986,70.30000000000007,1,1.0,True,,0,0,0,31DELRBC_WQX-892065
31DELRBC_WQX-892071,Ben Franklin Bridge,2022-06-13,2022,6,1,B_post2021,23.3,234.0,6.6,7.2,6.098263888888889,11.4,0.3,18.0,17.999999999999986,17.999999999999986,70.30000000000007,1,1.0,True,,0,0,0,31DELRBC_WQX-892071
PENNSLANDING-NEARSHORE,Penns Landing near-shore (collapsed),2022-06-13,2022,6,1,B_post2021,23.3,234.0,6.6,7.2,6.098263888888889,11.4,0.3,18.0,17.999999999999986,17.999999999999986,70.30000000000007,1,2419.6,False,MPN/100mL,1,1,1,DRBC-DEL-LL
PENNSLANDING-NEARSHORE,Penns Landing near-shore (collapsed),2022-06-21,2022,6,1,B_post2021,22.7,227.0,6.8,7.2,7.821180555555555,15.9,0.3,0.0,0.0,0.0,9.400000000000077,0,21.6,False,MPN/100mL,0,0,1,DRBC-DEL-LL
31DELRBC_WQX-892065,Navy Yard,2022-07-11,2022,7,1,B_post2021,25.9,245.0,5.2,7.1,8.506620209059234,17.6,0.0,0.0,0.4999999999999858,0.4999999999999858,38.90000000000008,0,120.0,False,cfu/100mL,0,0,0,31DELRBC_WQX-892065
31DELRBC_WQX-892071,Ben Franklin Bridge,2022-07-11,2022,7,1,B_post2021,25.9,245.0,5.2,7.1,8.506620209059234,17.6,0.0,0.0,0.4999999999999858,0.4999999999999858,38.90000000000008,0,650.0,False,cfu/100mL,1,1,0,31DELRBC_WQX-892071
PENNSLANDING-NEARSHORE,Penns Landing near-shore (collapsed),2022-07-11,2022,7,1,B_post2021,25.9,245.0,5.2,7.1,8.506620209059234,17.6,0.0,0.0,0.4999999999999858,0.4999999999999858,38.90000000000008,0,20.4,False,MPN/100mL,0,0,1,DRBC-DEL-LL
PENNSLANDING-NEARSHORE,Penns Landing near-shore (collapsed),2022-07-25,2022,7,1,B_post2021,28.4,284.0,5.2,7.2,6.796864111498258,16.3,0.0,0.0,0.0,0.0,0.5000000000000782,0,96.0,False,MPN/100mL,0,0,1,DRBC-DEL-LL
31DELRBC_WQX-892065,Navy Yard,2022-08-08,2022,8,1,B_post2021,28.5,316.0,5.2,7.2,6.766898954703833,19.5,0.0,0.0,0.0,0.0,5.600000000000078,0,35.0,False,cfu/100mL,0,0,0,31DELRBC_WQX-892065
31DELRBC_WQX-892071,Ben Franklin Bridge,2022-08-08,2022,8,1,B_post2021,28.5,316.0,5.2,7.2,6.766898954703833,19.5,0.0,0.0,0.0,0.0,5.600000000000078,0,78.0,False,cfu/100mL,0,0,0,31DELRBC_WQX-892071
PENNSLANDING-NEARSHORE,Penns Landing near-shore (collapsed),2022-08-15,2022,8,1,B_post2021,27.7,327.0,5.0,7.2,7.044444444444444,15.2,0.0,0.0,0.0,0.0,46.70000000000008,0,34.1,False,MPN/100mL,0,0,1,DRBC-DEL-LL
PENNSLANDING-NEARSHORE,Penns Landing near-shore (collapsed),2022-08-23,2022,8,1,B_post2021,27.2,328.0,4.6,7.1,9.160357142857142,16.8,0.0,4.3,5.599999999999985,5.599999999999985,5.600000000000078,1,2419.6,False,MPN/100mL,1,1,1,DRBC-DEL-LL
31DELRBC_WQX-892065,Navy Yard,2022-09-19,2022,9,1,B_post2021,24.0,262.0,5.9,7.2,5.042361111111111,9.9,0.0,0.0,0.0,0.0,1.5000000000000782,0,60.0,False,cfu/100mL,0,0,0,31DELRBC_WQX-892065
31DELRBC_WQX-892071,Ben Franklin Bridge,2022-09-19,2022,9,1,B_post2021,24.0,262.0,5.9,7.2,5.042361111111111,9.9,0.0,0.0,0.0,0.0,1.5000000000000782,0,47.0,False,cfu/100mL,0,0,0,31DELRBC_WQX-892071
PENNSLANDING-NEARSHORE,Penns Landing near-shore (collapsed),2022-09-20,2022,9,1,B_post2021,24.0,259.0,5.8,7.2,5.124305555555555,8.8,0.0,0.0,0.0,0.0,0.0,0,12.2,False,MPN/100mL,0,0,1,DRBC-DEL-LL
31DELRBC_WQX-892065,Navy Yard,2022-10-10,2022,10,0,B_post2021,15.9,249.0,7.7,7.2,8.647368421052631,19.2,0.0,0.0,0.4999999999999858,0.9999999999999822,26.200000000000085,0,150.0,False,cfu/100mL,0,1,0,31DELRBC_WQX-892065
31DELRBC_WQX-892071,Ben Franklin Bridge,2022-10-10,2022,10,0,B_post2021,15.9,249.0,7.7,7.2,8.647368421052631,19.2,0.0,0.0,0.4999999999999858,0.9999999999999822,26.200000000000085,0,61.0,False,cfu/100mL,0,0,0,31DELRBC_WQX-892071
31DELRBC_WQX-892065,Navy Yard,2023-03-21,2023,3,0,B_post2021,6.3,240.0,12.2,7.4,7.273239436619718,12.1,0.0,0.0,0.0,0.2999999999999858,0.600000000000087,0,42.0,False,cfu/100mL,0,0,0,31DELRBC_WQX-892065
31DELRBC_WQX-892071,Ben Franklin Bridge,2023-03-21,2023,3,0,B_post2021,6.3,240.0,12.2,7.4,7.273239436619718,12.1,0.0,0.0,0.0,0.2999999999999858,0.600000000000087,0,26.0,False,cfu/100mL,0,0,0,31DELRBC_WQX-892071
31DELRBC_WQX-892065,Navy Yard,2023-04-17,2023,4,0,B_post2021,14.9,199.0,9.4,7.2,6.517543859649122,13.1,2.3,0.0,0.0,0.0,0.0,0,37.0,False,cfu/100mL,0,0,0,31DELRBC_WQX-892065
31DELRBC_WQX-892071,Ben Franklin Bridge,2023-04-17,2023,4,0,B_post2021,14.9,199.0,9.4,7.2,6.517543859649122,13.1,2.3,0.0,0.0,0.0,0.0,0,113.0,False,cfu/100mL,0,0,0,31DELRBC_WQX-892071
31DELRBC_WQX-892065,Navy Yard,2023-05-15,2023,5,1,B_post2021,17.5,175.0,8.0,7.1,10.763414634146342,13.7,0.0,0.0,0.4999999999999858,0.4999999999999858,0.5000000000000853,0,21.0,False,cfu/100mL,0,0,0,31DELRBC_WQX-892065
31DELRBC_WQX-892071,Ben Franklin Bridge,2023-05-15,2023,5,1,B_post2021,17.5,175.0,8.0,7.1,10.763414634146342,13.7,0.0,0.0,0.4999999999999858,0.4999999999999858,0.5000000000000853,0,43.0,False,cfu/100mL,0,0,0,31DELRBC_WQX-892071
31DELRBC_WQX-892065,Navy Yard,2023-06-12,2023,6,1,B_post2021,21.8,278.0,5.7,7.1,4.069686411149826,9.9,14.7,0.0,0.0,0.0,0.5000000000000853,0,6.0,False,cfu/100mL,0,0,0,31DELRBC_WQX-892065
31DELRBC_WQX-892071,Ben Franklin Bridge,2023-06-12,2023,6,1,B_post2021,21.8,278.0,5.7,7.1,4.069686411149826,9.9,14.7,0.0,0.0,0.0,0.5000000000000853,0,12.0,False,cfu/100mL,0,0,0,31DELRBC_WQX-892071
31DELRBC_WQX-892065,Navy Yard,2023-07-17,2023,7,1,B_post2021,26.0,196.0,5.9,7.1,5.279442508710802,12.5,0.0,44.2,44.19999999999999,46.99999999999999,47.000000000000085,1,1.0,True,,0,0,0,31DELRBC_WQX-892065
31DELRBC_WQX-892071,Ben Franklin Bridge,2023-07-17,2023,7,1,B_post2021,26.0,196.0,5.9,7.1,5.279442508710802,12.5,0.0,44.2,44.19999999999999,46.99999999999999,47.000000000000085,1,400.0,False,cfu/100mL,1,1,0,31DELRBC_WQX-892071
31DELRBC_WQX-892065,Navy Yard,2023-08-21,2023,8,1,B_post2021,25.3,207.0,5.7,7.1,9.987152777777778,12.9,0.0,0.0,0.0,1.2999999999999894,5.900000000000088,0,77.0,False,cfu/100mL,0,0,0,31DELRBC_WQX-892065
31DELRBC_WQX-892071,Ben Franklin Bridge,2023-08-21,2023,8,1,B_post2021,25.3,207.0,5.7,7.1,9.987152777777778,12.9,0.0,0.0,0.0,1.2999999999999894,5.900000000000088,0,24.0,False,cfu/100mL,0,0,0,31DELRBC_WQX-892071
31DELRBC_WQX-892065,Navy Yard,2023-09-18,2023,9,1,B_post2021,24.0,219.0,4.6,6.9,6.074385964912281,12.5,11.7,16.5,16.499999999999986,16.499999999999986,21.600000000000087,1,310.0,False,cfu/100mL,1,1,0,31DELRBC_WQX-892065
31DELRBC_WQX-892071,Ben Franklin Bridge,2023-09-18,2023,9,1,B_post2021,24.0,219.0,4.6,6.9,6.074385964912281,12.5,11.7,16.5,16.499999999999986,16.499999999999986,21.600000000000087,1,730.0,False,cfu/100mL,1,1,0,31DELRBC_WQX-892071
31DELRBC_WQX-892065,Navy Yard,2023-10-09,2023,10,0,B_post2021,18.1,192.0,7.4,7.1,7.272982456140351,33.5,0.5,0.0,0.2999999999999858,0.2999999999999858,0.3000000000000888,0,123.0,False,cfu/100mL,0,0,0,31DELRBC_WQX-892065
31DELRBC_WQX-892071,Ben Franklin Bridge,2023-10-09,2023,10,0,B_post2021,18.1,192.0,7.4,7.1,7.272982456140351,33.5,0.5,0.0,0.2999999999999858,0.2999999999999858,0.3000000000000888,0,133.0,False,cfu/100mL,0,1,0,31DELRBC_WQX-892071
31DELRBC_WQX-892065,Navy Yard,2024-03-18,2024,3,0,B_post2021,9.8,161.0,10.7,7.3,6.0293706293706295,8.7,0.0,0.0,0.0,0.0,0.0,0,60.0,False,cfu/100mL,0,0,0,31DELRBC_WQX-892065
31DELRBC_WQX-892071,Ben Franklin Bridge,2024-03-18,2024,3,0,B_post2021,9.8,161.0,10.7,7.3,6.0293706293706295,8.7,0.0,0.0,0.0,0.0,0.0,0,43.0,False,cfu/100mL,0,0,0,31DELRBC_WQX-892071
31DELRBC_WQX-892065,Navy Yard,2024-06-10,2024,6,1,B_post2021,23.7,230.0,5.9,7.1,5.73986013986014,14.7,0.0,0.0,0.0,0.0,53.80000000000008,0,97.0,False,cfu/100mL,0,0,0,31DELRBC_WQX-892065
31DELRBC_WQX-892071,Ben Franklin Bridge,2024-06-10,2024,6,1,B_post2021,23.7,230.0,5.9,7.1,5.73986013986014,14.7,0.0,0.0,0.0,0.0,53.80000000000008,0,440.0,False,cfu/100mL,1,1,0,31DELRBC_WQX-892071
PENNSLANDING-NEARSHORE,Penns Landing near-shore (collapsed),2024-06-26,2024,6,1,B_post2021,26.3,267.0,5.0,7.1,7.070731707317073,20.0,9.7,0.0,0.0,9.399999999999991,9.400000000000086,0,2419.6,False,MPN/100mL,1,1,1,DRBC-6107-049;DRBC-6107-050;DRBC-6107-051;DRBC-6107-052;DRBC-6107-053;DRBC-6107-054;DRBC-6107-055
PENNSLANDING-NEARSHORE,Penns Landing near-shore (collapsed),2024-07-01,2024,7,1,B_post2021,26.3,271.0,4.8,7.1,6.0538461538461545,15.4,0.0,34.8,44.49999999999999,44.49999999999999,55.20000000000008,1,2419.6,False,MPN/100mL,1,1,1,DRBC-6107-049;DRBC-6107-050;DRBC-6107-051;DRBC-6107-052;DRBC-6107-053;DRBC-6107-054;DRBC-6107-055
PENNSLANDING-NEARSHORE,Penns Landing near-shore (collapsed),2024-07-08,2024,7,1,B_post2021,27.9,290.0,4.9,7.1,5.328671328671328,11.0,0.0,0.5,1.0,0.9999999999999858,1.0000000000000853,0,920.8,False,MPN/100mL,1,1,1,DRBC-6107-049;DRBC-6107-050;DRBC-6107-051;DRBC-6107-052;DRBC-6107-053;DRBC-6107-054;DRBC-6107-055
31DELRBC_WQX-892065,Navy Yard,2024-07-15,2024,7,1,B_post2021,28.8,296.0,4.2,7.1,4.470731707317073,10.1,0.0,14.2,14.199999999999982,30.999999999999982,42.90000000000008,1,74.0,False,cfu/100mL,0,0,0,31DELRBC_WQX-892065
31DELRBC_WQX-892071,Ben Franklin Bridge,2024-07-15,2024,7,1,B_post2021,28.8,296.0,4.2,7.1,4.470731707317073,10.1,0.0,14.2,14.199999999999982,30.999999999999982,42.90000000000008,1,280.0,False,cfu/100mL,1,1,0,31DELRBC_WQX-892071
PENNSLANDING-NEARSHORE,Penns Landing near-shore (collapsed),2024-07-15,2024,7,1,B_post2021,28.8,296.0,4.2,7.1,4.470731707317073,10.1,0.0,14.2,14.199999999999982,30.999999999999982,42.90000000000008,1,980.4,False,MPN/100mL,1,1,1,DRBC-6107-049;DRBC-6107-050;DRBC-6107-051;DRBC-6107-052;DRBC-6107-053;DRBC-6107-054;DRBC-6107-055
PENNSLANDING-NEARSHORE,Penns Landing near-shore (collapsed),2024-07-17,2024,7,1,B_post2021,29.2,298.0,4.4,7.1,4.568771929824561,10.9,0.0,5.3,5.299999999999982,19.499999999999982,48.20000000000008,1,1986.3,False,MPN/100mL,1,1,1,DRBC-6107-049;DRBC-6107-050;DRBC-6107-051;DRBC-6107-052;DRBC-6107-053;DRBC-6107-054;DRBC-6107-055
PENNSLANDING-NEARSHORE,Penns Landing near-shore (collapsed),2024-07-22,2024,7,1,B_post2021,28.6,291.0,4.2,7.1,5.061324041811846,12.8,4.6,0.0,0.0,0.0,5.3000000000000815,0,1046.2,False,MPN/100mL,1,1,1,DRBC-6107-049;DRBC-6107-050;DRBC-6107-051;DRBC-6107-052;DRBC-6107-053;DRBC-6107-054;DRBC-6107-055
31DELRBC_WQX-892065,Navy Yard,2024-08-05,2024,8,1,B_post2021,28.1,287.0,4.4,7.2,3.862937062937063,10.9,0.0,4.1,11.999999999999982,19.599999999999987,20.90000000000008,1,470.0,False,cfu/100mL,1,1,0,31DELRBC_WQX-892065
31DELRBC_WQX-892071,Ben Franklin Bridge,2024-08-05,2024,8,1,B_post2021,28.1,287.0,4.4,7.2,3.862937062937063,10.9,0.0,4.1,11.999999999999982,19.599999999999987,20.90000000000008,1,540.0,False,cfu/100mL,1,1,0,31DELRBC_WQX-892071
31DELRBC_WQX-892065,Navy Yard,2024-09-23,2024,9,1,B_post2021,22.9,289.0,5.3,7.2,3.629577464788732,7.8,0.3,0.0,0.2999999999999858,0.2999999999999858,1.3000000000000782,0,37.0,False,cfu/100mL,0,0,0,31DELRBC_WQX-892065
31DELRBC_WQX-892071,Ben Franklin Bridge,2024-09-23,2024,9,1,B_post2021,22.9,289.0,5.3,7.2,3.629577464788732,7.8,0.3,0.0,0.2999999999999858,0.2999999999999858,1.3000000000000782,0,230.0,False,cfu/100mL,0,1,0,31DELRBC_WQX-892071
31DELRBC_WQX-892065,Navy Yard,2024-10-07,2024,10,0,B_post2021,21.0,311.0,5.6,7.2,3.927526132404181,10.0,0.0,0.0,0.0,0.0,0.0,0,157.0,False,cfu/100mL,0,1,0,31DELRBC_WQX-892065
31DELRBC_WQX-892071,Ben Franklin Bridge,2024-10-07,2024,10,0,B_post2021,21.0,311.0,5.6,7.2,3.927526132404181,10.0,0.0,0.0,0.0,0.0,0.0,0,1.0,True,,0,0,0,31DELRBC_WQX-892071
31DELRBC_WQX-892065,Navy Yard,2025-03-25,2025,3,0,B_post2021,10.1,214.0,10.2,7.1,6.2311188811188805,12.7,0.0,13.0,13.999999999999986,13.999999999999986,28.70000000000007,1,38.0,False,cfu/100mL,0,0,0,31DELRBC_WQX-892065
31DELRBC_WQX-892071,Ben Franklin Bridge,2025-03-25,2025,3,0,B_post2021,10.1,214.0,10.2,7.1,6.2311188811188805,12.7,0.0,13.0,13.999999999999986,13.999999999999986,28.70000000000007,1,197.0,False,cfu/100mL,0,1,0,31DELRBC_WQX-892071
31DELRBC_WQX-892065,Navy Yard,2025-04-14,2025,4,0,B_post2021,10.2,259.0,9.5,7.2,7.590592334494773,15.3,0.0,0.0,3.599999999999986,35.09999999999999,42.20000000000008,1,270.0,False,cfu/100mL,1,1,0,31DELRBC_WQX-892065
31DELRBC_WQX-892071,Ben Franklin Bridge,2025-04-14,2025,4,0,B_post2021,10.2,259.0,9.5,7.2,7.590592334494773,15.3,0.0,0.0,3.599999999999986,35.09999999999999,42.20000000000008,1,170.0,False,cfu/100mL,0,1,0,31DELRBC_WQX-892071
31DELRBC_WQX-892065,Navy Yard,2025-05-12,2025,5,1,B_post2021,15.3,126.0,8.8,6.9,6.792307692307692,11.7,0.0,0.0,0.0,4.599999999999985,5.400000000000071,0,62.0,False,cfu/100mL,0,0,0,31DELRBC_WQX-892065
31DELRBC_WQX-892071,Ben Franklin Bridge,2025-05-12,2025,5,1,B_post2021,15.3,126.0,8.8,6.9,6.792307692307692,11.7,0.0,0.0,0.0,4.599999999999985,5.400000000000071,0,147.0,False,cfu/100mL,0,1,0,31DELRBC_WQX-892071
31DELRBC_WQX-892065,Navy Yard,2025-06-09,2025,6,1,B_post2021,19.7,176.0,7.5,7.0,7.059027777777778,11.2,1.0,0.3,4.399999999999985,4.399999999999985,4.400000000000078,1,600.0,False,cfu/100mL,1,1,0,31DELRBC_WQX-892065
31DELRBC_WQX-892071,Ben Franklin Bridge,2025-06-09,2025,6,1,B_post2021,19.7,176.0,7.5,7.0,7.059027777777778,11.2,1.0,0.3,4.399999999999985,4.399999999999985,4.400000000000078,1,550.0,False,cfu/100mL,1,1,0,31DELRBC_WQX-892071
31DELRBC_WQX-892065,Navy Yard,2025-07-14,2025,7,1,B_post2021,28.0,239.0,4.4,6.9,7.044727272727273,15.2,4.3,0.0,0.0,0.0,48.000000000000085,0,90.0,False,cfu/100mL,0,0,0,31DELRBC_WQX-892065
31DELRBC_WQX-892071,Ben Franklin Bridge,2025-07-14,2025,7,1,B_post2021,28.0,239.0,4.4,6.9,7.044727272727273,15.2,4.3,0.0,0.0,0.0,48.000000000000085,0,177.0,False,cfu/100mL,0,1,0,31DELRBC_WQX-892071
31DELRBC_WQX-892065,Navy Yard,2025-08-04,2025,8,1,B_post2021,27.6,242.0,5.1,7.0,6.585663082437276,12.0,0.0,0.0,0.0,0.0,17.500000000000078,0,87.0,False,cfu/100mL,0,0,0,31DELRBC_WQX-892065
31DELRBC_WQX-892071,Ben Franklin Bridge,2025-08-04,2025,8,1,B_post2021,27.6,242.0,5.1,7.0,6.585663082437276,12.0,0.0,0.0,0.0,0.0,17.500000000000078,0,380.0,False,cfu/100mL,1,1,0,31DELRBC_WQX-892071
31DELRBC_WQX-892065,Navy Yard,2025-09-22,2025,9,1,B_post2021,22.7,357.0,5.9,7.1,8.671582733812949,15.5,0.0,0.0,0.0,0.0,11.90000000000008,0,167.0,False,cfu/100mL,0,1,0,31DELRBC_WQX-892065
31DELRBC_WQX-892071,Ben Franklin Bridge,2025-09-22,2025,9,1,B_post2021,22.7,357.0,5.9,7.1,8.671582733812949,15.5,0.0,0.0,0.0,0.0,11.90000000000008,0,530.0,False,cfu/100mL,1,1,0,31DELRBC_WQX-892071
31DELRBC_WQX-892065,Navy Yard,2025-10-06,2025,10,0,B_post2021,22.2,391.0,5.7,7.1,11.286666666666669,26.2,0.0,0.0,0.0,0.0,0.0,0,100.0,False,cfu/100mL,0,0,0,31DELRBC_WQX-892065
31DELRBC_WQX-892071,Ben Franklin Bridge,2025-10-06,2025,10,0,B_post2021,22.2,391.0,5.7,7.1,11.286666666666669,26.2,0.0,0.0,0.0,0.0,0.0,0,1.0,True,,0,0,0,31DELRBC_WQX-892071
