station_id,station_name,date,year,month,recreation_season,regime,water_temp_c,sp_conductance_uscm,dissolved_oxygen_mgl,ph,precip_mm,precip_prev_24h_mm,precip_prev_48h_mm,precip_prev_72h_mm,precip_prev_7d_mm,rain_prev_48h_flag,ecoli_cfu_100ml,value_censored,unit,unsafe,exceeds_geomean_126
31DELRBC_WQX-892065,Navy Yard,2005-04-05,2005,4,0,A_pre2021,6.3,88.0,11.4,7.2,0.0,0.0,0.5,70.6,72.69999999999999,0,750.0,False,cfu/100mL,1,1
31DELRBC_WQX-892071,Ben Franklin Bridge,2005-04-05,2005,4,0,A_pre2021,6.3,88.0,11.4,7.2,0.0,0.0,0.5,70.6,72.69999999999999,0,130.0,False,cfu/100mL,0,1
31DELRBC_WQX-892065,Navy Yard,2005-04-19,2005,4,0,A_pre2021,13.0,184.0,10.3,7.3,0.0,0.0,0.0,0.0,0.0,0,19.0,False,cfu/100mL,0,0
31DELRBC_WQX-892071,Ben Franklin Bridge,2005-04-19,2005,4,0,A_pre2021,13.0,184.0,10.3,7.3,0.0,0.0,0.0,0.0,0.0,0,40.0,False,cfu/100mL,0,0
31DELRBC_WQX-892065,Navy Yard,2005-05-11,2005,5,1,A_pre2021,14.8,,9.5,7.1,0.0,0.0,0.0,0.0,0.0,0,22.0,False,cfu/100mL,0,0
31DELRBC_WQX-892071,Ben Franklin Bridge,2005-05-11,2005,5,1,A_pre2021,14.8,,9.5,7.1,0.0,0.0,0.0,0.0,0.0,0,120.0,False,cfu/100mL,0,0
31DELRBC_WQX-892065,Navy Yard,2005-05-23,2005,5,1,A_pre2021,18.4,233.0,6.7,7.1,0.3,0.8,0.8,26.7,26.7,0,21.0,False,cfu/100mL,0,0
31DELRBC_WQX-892071,Ben Franklin Bridge,2005-05-23,2005,5,1,A_pre2021,18.4,233.0,6.7,7.1,0.3,0.8,0.8,26.7,26.7,0,14.0,False,cfu/100mL,0,0
31DELRBC_WQX-892065,Navy Yard,2005-06-13,2005,6,1,A_pre2021,24.1,261.0,5.3,7.0,0.0,0.0,0.0,5.6,27.700000000000003,0,80.0,False,cfu/100mL,0,0
31DELRBC_WQX-892071,Ben Franklin Bridge,2005-06-13,2005,6,1,A_pre2021,24.1,261.0,5.3,7.0,0.0,0.0,0.0,5.6,27.700000000000003,0,350.0,False,cfu/100mL,1,1
31DELRBC_WQX-892065,Navy Yard,2005-06-27,2005,6,1,A_pre2021,25.6,291.0,4.1,7.1,14.5,0.0,0.0,0.0,8.6,0,36.0,False,cfu/100mL,0,0
31DELRBC_WQX-892071,Ben Franklin Bridge,2005-06-27,2005,6,1,A_pre2021,25.6,291.0,4.1,7.1,14.5,0.0,0.0,0.0,8.6,0,48.0,False,cfu/100mL,0,0
31DELRBC_WQX-892065,Navy Yard,2005-07-12,2005,7,1,A_pre2021,26.0,276.0,3.8,6.9,10.7,0.0,0.0,0.0,63.8,0,36.0,False,cfu/100mL,0,0
31DELRBC_WQX-892071,Ben Franklin Bridge,2005-07-12,2005,7,1,A_pre2021,26.0,276.0,3.8,6.9,10.7,0.0,0.0,0.0,63.8,0,72.0,False,cfu/100mL,0,0
31DELRBC_WQX-892065,Navy Yard,2005-08-01,2005,8,1,A_pre2021,28.4,277.0,3.9,7.0,0.0,0.0,0.0,0.0,6.3,0,37.0,False,cfu/100mL,0,0
31DELRBC_WQX-892071,Ben Franklin Bridge,2005-08-01,2005,8,1,A_pre2021,28.4,277.0,3.9,7.0,0.0,0.0,0.0,0.0,6.3,0,48.0,False,cfu/100mL,0,0
31DELRBC_WQX-892065,Navy Yard,2005-09-12,2005,9,1,A_pre2021,25.6,339.0,4.6,7.0,0.0,0.0,0.0,0.0,0.0,0,36.0,False,cfu/100mL,0,0
31DELRBC_WQX-892071,Ben Franklin Bridge,2005-09-12,2005,9,1,A_pre2021,25.6,339.0,4.6,7.0,0.0,0.0,0.0,0.0,0.0,0,18.0,False,cfu/100mL,0,0
31DELRBC_WQX-892065,Navy Yard,2005-09-28,2005,9,1,A_pre2021,24.2,377.0,4.6,6.9,0.0,0.0,2.3,2.2999999999999927,2.3,0,15.0,False,cfu/100mL,0,0
31DELRBC_WQX-892071,Ben Franklin Bridge,2005-09-28,2005,9,1,A_pre2021,24.2,377.0,4.6,6.9,0.0,0.0,2.3,2.2999999999999927,2.3,0,56.0,False,cfu/100mL,0,0
31DELRBC_WQX-892065,Navy Yard,2005-10-31,2005,10,0,A_pre2021,10.1,148.0,10.5,7.1,0.0,0.0,0.0,0.0,21.1,0,48.0,False,cfu/100mL,0,0
31DELRBC_WQX-892071,Ben Franklin Bridge,2005-10-31,2005,10,0,A_pre2021,10.1,148.0,10.5,7.1,0.0,0.0,0.0,0.0,21.1,0,117.0,False,cfu/100mL,0,0
31DELRBC_WQX-892065,Navy Yard,2006-04-03,2006,4,0,A_pre2021,10.4,257.0,11.6,7.6,8.1,0.0,0.0,0.0,0.0,0,12.0,False,cfu/100mL,0,0
31DELRBC_WQX-892071,Ben Franklin Bridge,2006-04-03,2006,4,0,A_pre2021,10.4,257.0,11.6,7.6,8.1,0.0,0.0,0.0,0.0,0,100.0,False,cfu/100mL,0,0
31DELRBC_WQX-892065,Navy Yard,2006-04-24,2006,4,0,A_pre2021,15.6,264.0,7.8,7.2,7.4,8.6,51.0,54.6,54.6,1,320.0,False,cfu/100mL,1,1
31DELRBC_WQX-892071,Ben Franklin Bridge,2006-04-24,2006,4,0,A_pre2021,15.6,264.0,7.8,7.2,7.4,8.6,51.0,54.6,54.6,1,440.0,False,cfu/100mL,1,1
31DELRBC_WQX-892065,Navy Yard,2006-05-10,2006,5,1,A_pre2021,17.3,185.0,7.1,,0.0,0.0,0.0,0.0,0.0,0,16.0,False,cfu/100mL,0,0
31DELRBC_WQX-892071,Ben Franklin Bridge,2006-05-10,2006,5,1,A_pre2021,17.3,185.0,7.1,,0.0,0.0,0.0,0.0,0.0,0,22.0,False,cfu/100mL,0,0
31DELRBC_WQX-892065,Navy Yard,2006-05-30,2006,5,1,A_pre2021,19.9,200.0,7.2,6.8,0.0,0.0,0.0,0.0,0.8,0,19.0,False,cfu/100mL,0,0
31DELRBC_WQX-892071,Ben Franklin Bridge,2006-05-30,2006,5,1,A_pre2021,19.9,200.0,7.2,6.8,0.0,0.0,0.0,0.0,0.8,0,35.0,False,cfu/100mL,0,0
31DELRBC_WQX-892065,Navy Yard,2006-06-14,2006,6,1,A_pre2021,21.4,202.0,4.9,6.6,1.0,0.0,0.0,0.0,16.5,0,26.0,False,cfu/100mL,0,0
31DELRBC_WQX-892071,Ben Franklin Bridge,2006-06-14,2006,6,1,A_pre2021,21.4,202.0,4.9,6.6,1.0,0.0,0.0,0.0,16.5,0,87.0,False,cfu/100mL,0,0
31DELRBC_WQX-892065,Navy Yard,2006-07-10,2006,7,1,A_pre2021,23.2,172.0,6.4,6.5,0.0,0.0,0.0,0.0,42.9,0,200.0,False,cfu/100mL,0,1
31DELRBC_WQX-892071,Ben Franklin Bridge,2006-07-10,2006,7,1,A_pre2021,23.2,172.0,6.4,6.5,0.0,0.0,0.0,0.0,42.9,0,107.0,False,cfu/100mL,0,0
31DELRBC_WQX-892065,Navy Yard,2006-08-28,2006,8,1,A_pre2021,26.0,285.0,4.3,,11.7,37.1,37.1,38.6,38.6,1,1.0,True,cfu/100mL,0,0
31DELRBC_WQX-892071,Ben Franklin Bridge,2006-08-28,2006,8,1,A_pre2021,26.0,285.0,4.3,,11.7,37.1,37.1,38.6,38.6,1,173.0,False,cfu/100mL,0,1
31DELRBC_WQX-892065,Navy Yard,2006-09-05,2006,9,1,A_pre2021,21.3,223.0,6.4,7.1,62.2,0.0,0.0,37.60000000000001,98.9,0,260.0,False,cfu/100mL,1,1
31DELRBC_WQX-892071,Ben Franklin Bridge,2006-09-05,2006,9,1,A_pre2021,21.3,223.0,6.4,7.1,62.2,0.0,0.0,37.60000000000001,98.9,0,570.0,False,cfu/100mL,1,1
31DELRBC_WQX-892065,Navy Yard,2006-09-27,2006,9,1,A_pre2021,20.3,194.0,6.1,6.6,0.0,0.0,0.0,1.5,2.3,0,83.0,False,cfu/100mL,0,0
31DELRBC_WQX-892071,Ben Franklin Bridge,2006-09-27,2006,9,1,A_pre2021,20.3,194.0,6.1,6.6,0.0,0.0,0.0,1.5,2.3,0,97.0,False,cfu/100mL,0,0
31DELRBC_WQX-892065,Navy Yard,2006-10-11,2006,10,0,A_pre2021,17.8,186.0,6.6,7.2,51.8,0.0,0.0,0.0,25.400000000000002,0,17.0,False,cfu/100mL,0,0
31DELRBC_WQX-892071,Ben Franklin Bridge,2006-10-11,2006,10,0,A_pre2021,17.8,186.0,6.6,7.2,51.8,0.0,0.0,0.0,25.400000000000002,0,42.0,False,cfu/100mL,0,0
31DELRBC_WQX-892065,Navy Yard,2007-04-02,2007,4,0,A_pre2021,7.9,125.0,11.2,7.2,1.5,0.8,0.8000000000000071,0.8,0.8000000000000143,0,1.0,True,cfu/100mL,0,0
31DELRBC_WQX-892071,Ben Franklin Bridge,2007-04-02,2007,4,0,A_pre2021,7.9,125.0,11.2,7.2,1.5,0.8,0.8000000000000071,0.8,0.8000000000000143,0,56.0,False,cfu/100mL,0,0
31DELRBC_WQX-892065,Navy Yard,2007-04-23,2007,4,0,A_pre2021,10.1,142.0,10.8,7.2,0.0,0.0,0.0,0.0,22.100000000000016,0,24.0,False,cfu/100mL,0,0
31DELRBC_WQX-892071,Ben Franklin Bridge,2007-04-23,2007,4,0,A_pre2021,10.1,142.0,10.8,7.2,0.0,0.0,0.0,0.0,22.100000000000016,0,63.0,False,cfu/100mL,0,0
31DELRBC_WQX-892065,Navy Yard,2007-05-08,2007,5,1,A_pre2021,15.7,195.0,8.5,7.2,0.0,0.0,0.0,0.0,0.0,0,32.0,False,cfu/100mL,0,0
31DELRBC_WQX-892071,Ben Franklin Bridge,2007-05-08,2007,5,1,A_pre2021,15.7,195.0,8.5,7.2,0.0,0.0,0.0,0.0,0.0,0,47.0,False,cfu/100mL,0,0
31DELRBC_WQX-892065,Navy Yard,2007-05-29,2007,5,1,A_pre2021,21.9,258.0,4.9,7.1,0.0,0.0,13.0,30.5,30.500000000000014,1,80.0,False,cfu/100mL,0,0
31DELRBC_WQX-892071,Ben Franklin Bridge,2007-05-29,2007,5,1,A_pre2021,21.9,258.0,4.9,7.1,0.0,0.0,13.0,30.5,30.500000000000014,1,500.0,False,cfu/100mL,1,1
31DELRBC_WQX-892065,Navy Yard,2007-06-18,2007,6,1,A_pre2021,24.2,285.0,3.8,7.1,0.0,0.0,0.0,0.0,20.600000000000016,0,16.0,False,cfu/100mL,0,0
31DELRBC_WQX-892071,Ben Franklin Bridge,2007-06-18,2007,6,1,A_pre2021,24.2,285.0,3.8,7.1,0.0,0.0,0.0,0.0,20.600000000000016,0,17.0,False,cfu/100mL,0,0
31DELRBC_WQX-892065,Navy Yard,2007-07-11,2007,7,1,A_pre2021,26.5,294.0,5.2,7.2,14.0,0.0,0.0,0.0,33.80000000000001,0,14.0,False,cfu/100mL,0,0
31DELRBC_WQX-892071,Ben Franklin Bridge,2007-07-11,2007,7,1,A_pre2021,26.5,294.0,5.2,7.2,14.0,0.0,0.0,0.0,33.80000000000001,0,43.0,False,cfu/100mL,0,0
31DELRBC_WQX-892065,Navy Yard,2007-08-01,2007,8,1,A_pre2021,27.2,289.0,4.6,7.2,0.0,0.0,2.3,32.5,35.50000000000001,0,160.0,False,cfu/100mL,0,1
31DELRBC_WQX-892071,Ben Franklin Bridge,2007-08-01,2007,8,1,A_pre2021,27.2,289.0,4.6,7.2,0.0,0.0,2.3,32.5,35.50000000000001,0,50.0,False,cfu/100mL,0,0
31DELRBC_WQX-892065,Navy Yard,2007-08-20,2007,8,1,A_pre2021,26.1,263.0,4.4,7.2,18.5,13.5,13.5,16.8,17.60000000000001,1,58.0,False,cfu/100mL,0,0
31DELRBC_WQX-892071,Ben Franklin Bridge,2007-08-20,2007,8,1,A_pre2021,26.1,263.0,4.4,7.2,18.5,13.5,13.5,16.8,17.60000000000001,1,540.0,False,cfu/100mL,1,1
31DELRBC_WQX-892065,Navy Yard,2007-09-17,2007,9,1,A_pre2021,23.7,291.0,,,0.0,0.0,3.8,3.8,10.20000000000001,1,113.0,False,cfu/100mL,0,0
31DELRBC_WQX-892071,Ben Franklin Bridge,2007-09-17,2007,9,1,A_pre2021,23.7,291.0,,,0.0,0.0,3.8,3.8,10.20000000000001,1,143.0,False,cfu/100mL,0,1
31DELRBC_WQX-892065,Navy Yard,2007-09-25,2007,9,1,A_pre2021,23.3,319.0,6.0,,0.0,0.0,0.0,4.6,4.60000000000001,0,43.0,False,cfu/100mL,0,0
31DELRBC_WQX-892071,Ben Franklin Bridge,2007-09-25,2007,9,1,A_pre2021,23.3,319.0,6.0,,0.0,0.0,0.0,4.6,4.60000000000001,0,31.0,False,cfu/100mL,0,0
31DELRBC_WQX-892065,Navy Yard,2007-10-09,2007,10,0,A_pre2021,23.4,359.0,5.9,7.1,19.8,0.0,0.0,0.0,0.0,0,43.0,False,cfu/100mL,0,0
31DELRBC_WQX-892071,Ben Franklin Bridge,2007-10-09,2007,10,0,A_pre2021,23.4,359.0,5.9,7.1,19.8,0.0,0.0,0.0,0.0,0,60.0,False,cfu/100mL,0,0
31DELRBC_WQX-892065,Navy Yard,2008-04-09,2008,4,0,A_pre2021,8.5,156.0,11.4,7.5,0.0,0.0,0.2999999999999858,3.5999999999999996,16.80000000000001,0,10.0,False,cfu/100mL,0,0
31DELRBC_WQX-892071,Ben Franklin Bridge,2008-04-09,2008,4,0,A_pre2021,8.5,156.0,11.4,7.5,0.0,0.0,0.2999999999999858,3.5999999999999996,16.80000000000001,0,15.0,False,cfu/100mL,0,0
31DELRBC_WQX-892065,Navy Yard,2008-04-30,2008,4,0,A_pre2021,16.1,218.0,7.7,7.4,0.0,0.0,22.399999999999984,25.4,25.400000000000013,1,53.0,False,cfu/100mL,0,0
31DELRBC_WQX-892071,Ben Franklin Bridge,2008-04-30,2008,4,0,A_pre2021,16.1,218.0,7.7,7.4,0.0,0.0,22.399999999999984,25.4,25.400000000000013,1,100.0,False,cfu/100mL,0,0
31DELRBC_WQX-892065,Navy Yard,2008-05-14,2008,5,1,A_pre2021,16.0,240.0,7.3,7.4,0.0,0.0,19.299999999999986,19.6,60.000000000000014,1,32.0,False,cfu/100mL,0,0
31DELRBC_WQX-892071,Ben Franklin Bridge,2008-05-14,2008,5,1,A_pre2021,16.0,240.0,7.3,7.4,0.0,0.0,19.299999999999986,19.6,60.000000000000014,1,100.0,False,cfu/100mL,0,0
31DELRBC_WQX-892065,Navy Yard,2008-05-27,2008,5,1,A_pre2021,17.0,231.0,7.5,7.3,4.3,0.0,0.0,0.0,15.200000000000014,0,12.0,False,cfu/100mL,0,0
31DELRBC_WQX-892071,Ben Franklin Bridge,2008-05-27,2008,5,1,A_pre2021,17.0,231.0,7.5,7.3,4.3,0.0,0.0,0.0,15.200000000000014,0,63.0,False,cfu/100mL,0,0
31DELRBC_WQX-892065,Navy Yard,2008-06-23,2008,6,1,A_pre2021,25.5,273.0,3.7,7.1,0.0,0.0,0.0,0.0,1.0000000000000142,0,20.0,False,cfu/100mL,0,0
31DELRBC_WQX-892071,Ben Franklin Bridge,2008-06-23,2008,6,1,A_pre2021,25.5,273.0,3.7,7.1,0.0,0.0,0.0,0.0,1.0000000000000142,0,11.0,False,cfu/100mL,0,0
31DELRBC_WQX-892065,Navy Yard,2008-07-15,2008,7,1,A_pre2021,26.9,298.0,4.2,7.2,0.0,3.8,3.7999999999999856,3.8,7.100000000000014,1,17.0,False,cfu/100mL,0,0
31DELRBC_WQX-892071,Ben Franklin Bridge,2008-07-15,2008,7,1,A_pre2021,26.9,298.0,4.2,7.2,0.0,3.8,3.7999999999999856,3.8,7.100000000000014,1,26.0,False,cfu/100mL,0,0
31DELRBC_WQX-892065,Navy Yard,2008-08-04,2008,8,1,A_pre2021,26.9,242.0,4.7,7.2,0.0,0.0,0.9999999999999858,1.0,1.0000000000000142,0,20.0,False,cfu/100mL,0,0
31DELRBC_WQX-892071,Ben Franklin Bridge,2008-08-04,2008,8,1,A_pre2021,26.9,242.0,4.7,7.2,0.0,0.0,0.9999999999999858,1.0,1.0000000000000142,0,23.0,False,cfu/100mL,0,0
31DELRBC_WQX-892065,Navy Yard,2008-09-29,2008,9,1,A_pre2021,21.4,293.0,5.3,7.1,0.0,11.7,15.499999999999986,18.0,20.000000000000014,1,130.0,False,cfu/100mL,0,1
31DELRBC_WQX-892071,Ben Franklin Bridge,2008-09-29,2008,9,1,A_pre2021,21.4,293.0,5.3,7.1,0.0,11.7,15.499999999999986,18.0,20.000000000000014,1,550.0,False,cfu/100mL,1,1
31DELRBC_WQX-892065,Navy Yard,2008-10-14,2008,10,0,A_pre2021,19.2,293.0,5.9,7.2,0.0,0.0,0.0,0.0,1.3000000000000143,0,34.0,False,cfu/100mL,0,0
31DELRBC_WQX-892071,Ben Franklin Bridge,2008-10-14,2008,10,0,A_pre2021,19.2,293.0,5.9,7.2,0.0,0.0,0.0,0.0,1.3000000000000143,0,46.0,False,cfu/100mL,0,0
31DELRBC_WQX-892065,Navy Yard,2009-04-13,2009,4,0,A_pre2021,10.1,208.0,9.4,7.2,2.8,0.0,11.199999999999985,11.2,21.400000000000013,1,590.0,False,cfu/100mL,1,1
31DELRBC_WQX-892071,Ben Franklin Bridge,2009-04-13,2009,4,0,A_pre2021,10.1,208.0,9.4,7.2,2.8,0.0,11.199999999999985,11.2,21.400000000000013,1,107.0,False,cfu/100mL,0,0
31DELRBC_WQX-892065,Navy Yard,2009-05-05,2009,5,1,A_pre2021,16.5,243.0,6.3,7.0,8.6,15.0,27.199999999999985,30.2,33.600000000000016,1,37.0,False,cfu/100mL,0,0
31DELRBC_WQX-892071,Ben Franklin Bridge,2009-05-05,2009,5,1,A_pre2021,16.5,243.0,6.3,7.0,8.6,15.0,27.199999999999985,30.2,33.600000000000016,1,153.0,False,cfu/100mL,0,1
31DELRBC_WQX-892065,Navy Yard,2009-06-09,2009,6,1,A_pre2021,20.7,195.0,6.1,7.1,26.2,0.0,0.0,0.0,33.600000000000016,0,230.0,False,cfu/100mL,0,1
31DELRBC_WQX-892071,Ben Franklin Bridge,2009-06-09,2009,6,1,A_pre2021,20.7,195.0,6.1,7.1,26.2,0.0,0.0,0.0,33.600000000000016,0,110.0,False,cfu/100mL,0,0
31DELRBC_WQX-892065,Navy Yard,2009-07-20,2009,7,1,A_pre2021,24.8,230.0,5.9,7.2,0.0,0.0,0.0,3.7999999999999927,8.100000000000009,0,43.0,False,cfu/100mL,0,0
31DELRBC_WQX-892071,Ben Franklin Bridge,2009-07-20,2009,7,1,A_pre2021,24.8,230.0,5.9,7.2,0.0,0.0,0.0,3.7999999999999927,8.100000000000009,0,37.0,False,cfu/100mL,0,0
31DELRBC_WQX-892065,Navy Yard,2009-08-10,2009,8,1,A_pre2021,24.0,153.0,5.5,6.9,0.0,49.3,49.59999999999998,49.59999999999999,52.400000000000006,1,540.0,False,cfu/100mL,1,1
31DELRBC_WQX-892071,Ben Franklin Bridge,2009-08-10,2009,8,1,A_pre2021,24.0,153.0,5.5,6.9,0.0,49.3,49.59999999999998,49.59999999999999,52.400000000000006,1,1.0,True,cfu/100mL,0,0
31DELRBC_WQX-892065,Navy Yard,2009-09-15,2009,9,1,A_pre2021,21.3,223.0,7.5,7.3,0.0,0.0,0.0,0.9999999999999858,55.30000000000001,0,1.0,True,cfu/100mL,0,0
31DELRBC_WQX-892071,Ben Franklin Bridge,2009-09-15,2009,9,1,A_pre2021,21.3,223.0,7.5,7.3,0.0,0.0,0.0,0.9999999999999858,55.30000000000001,0,210.0,False,cfu/100mL,0,1
31DELRBC_WQX-892065,Navy Yard,2009-10-20,2009,10,0,A_pre2021,13.8,283.0,8.3,7.2,0.0,0.0,3.7999999999999856,24.099999999999987,46.20000000000001,1,20.0,False,cfu/100mL,0,0
31DELRBC_WQX-892071,Ben Franklin Bridge,2009-10-20,2009,10,0,A_pre2021,13.8,283.0,8.3,7.2,0.0,0.0,3.7999999999999856,24.099999999999987,46.20000000000001,1,19.0,False,cfu/100mL,0,0
31DELRBC_WQX-892065,Navy Yard,2010-04-20,2010,4,0,A_pre2021,14.6,224.0,9.0,7.1,0.0,0.0,0.0,0.0,6.300000000000014,0,8.0,False,cfu/100mL,0,0
31DELRBC_WQX-892071,Ben Franklin Bridge,2010-04-20,2010,4,0,A_pre2021,14.6,224.0,9.0,7.1,0.0,0.0,0.0,0.0,6.300000000000014,0,18.0,False,cfu/100mL,0,0
31DELRBC_WQX-892065,Navy Yard,2010-05-25,2010,5,1,A_pre2021,18.9,246.0,8.4,7.3,0.0,0.0,2.4999999999999876,2.7999999999999856,18.500000000000014,0,19.0,False,cfu/100mL,0,0
31DELRBC_WQX-892071,Ben Franklin Bridge,2010-05-25,2010,5,1,A_pre2021,18.9,246.0,8.4,7.3,0.0,0.0,2.4999999999999876,2.7999999999999856,18.500000000000014,0,10.0,False,cfu/100mL,0,0
31DELRBC_WQX-892065,Navy Yard,2010-06-22,2010,6,1,A_pre2021,25.8,294.0,,7.3,0.0,0.0,0.0,0.0,0.30000000000001775,0,6.0,False,cfu/100mL,0,0
31DELRBC_WQX-892071,Ben Franklin Bridge,2010-06-22,2010,6,1,A_pre2021,25.8,294.0,,7.3,0.0,0.0,0.0,0.0,0.30000000000001775,0,21.0,False,cfu/100mL,0,0
31DELRBC_WQX-892065,Navy Yard,2010-07-20,2010,7,1,A_pre2021,28.3,284.0,,7.0,0.0,17.3,17.299999999999986,26.699999999999974,136.20000000000002,1,38.0,False,cfu/100mL,0,0
31DELRBC_WQX-892071,Ben Franklin Bridge,2010-07-20,2010,7,1,A_pre2021,28.3,284.0,,7.0,0.0,17.3,17.299999999999986,26.699999999999974,136.20000000000002,1,1.0,True,cfu/100mL,0,0
31DELRBC_WQX-892065,Navy Yard,2010-08-30,2010,8,1,A_pre2021,25.8,315.0,5.1,7.1,0.0,0.0,0.0,0.0,0.3000000000000142,0,16.0,False,cfu/100mL,0,0
31DELRBC_WQX-892071,Ben Franklin Bridge,2010-08-30,2010,8,1,A_pre2021,25.8,315.0,5.1,7.1,0.0,0.0,0.0,0.0,0.3000000000000142,0,12.0,False,cfu/100mL,0,0
31DELRBC_WQX-892065,Navy Yard,2010-09-27,2010,9,1,A_pre2021,22.7,374.0,5.3,7.2,5.3,1.0,0.9999999999999858,0.9999999999999716,4.800000000000014,0,45.0,False,cfu/100mL,0,0
31DELRBC_WQX-892071,Ben Franklin Bridge,2010-09-27,2010,9,1,A_pre2021,22.7,374.0,5.3,7.2,5.3,1.0,0.9999999999999858,0.9999999999999716,4.800000000000014,0,33.0,False,cfu/100mL,0,0
31DELRBC_WQX-892065,Navy Yard,2010-10-26,2010,10,0,A_pre2021,14.5,209.0,8.2,7.1,0.0,0.0,0.0,0.0,7.100000000000014,0,39.0,False,cfu/100mL,0,0
31DELRBC_WQX-892071,Ben Franklin Bridge,2010-10-26,2010,10,0,A_pre2021,14.5,209.0,8.2,7.1,0.0,0.0,0.0,0.0,7.100000000000014,0,57.0,False,cfu/100mL,0,0
31DELRBC_WQX-892065,Navy Yard,2011-04-26,2011,4,0,A_pre2021,12.1,169.0,11.1,7.2,0.0,0.3,0.7999999999999858,10.499999999999972,10.800000000000027,0,73.0,False,cfu/100mL,0,0
31DELRBC_WQX-892071,Ben Franklin Bridge,2011-04-26,2011,4,0,A_pre2021,12.1,169.0,11.1,7.2,0.0,0.3,0.7999999999999858,10.499999999999972,10.800000000000027,0,31.0,False,cfu/100mL,0,0
31DELRBC_WQX-892065,Navy Yard,2011-05-24,2011,5,1,A_pre2021,17.1,121.0,8.5,7.2,0.0,0.8,0.7999999999999858,0.7999999999999716,26.60000000000003,0,46.0,False,cfu/100mL,0,0
31DELRBC_WQX-892071,Ben Franklin Bridge,2011-05-24,2011,5,1,A_pre2021,17.1,121.0,8.5,7.2,0.0,0.8,0.7999999999999858,0.7999999999999716,26.60000000000003,0,103.0,False,cfu/100mL,0,0
31DELRBC_WQX-892065,Navy Yard,2011-06-21,2011,6,1,A_pre2021,24.2,230.0,6.5,7.3,0.5,0.0,0.0,0.0,39.40000000000003,0,20.0,False,cfu/100mL,0,0
31DELRBC_WQX-892071,Ben Franklin Bridge,2011-06-21,2011,6,1,A_pre2021,24.2,230.0,6.5,7.3,0.5,0.0,0.0,0.0,39.40000000000003,0,33.0,False,cfu/100mL,0,0
31DELRBC_WQX-892065,Navy Yard,2011-07-19,2011,7,1,A_pre2021,26.4,169.0,6.5,7.2,15.0,0.0,0.0,0.0,0.0,0,70.0,False,cfu/100mL,0,0
31DELRBC_WQX-892071,Ben Franklin Bridge,2011-07-19,2011,7,1,A_pre2021,26.4,169.0,6.5,7.2,15.0,0.0,0.0,0.0,0.0,0,76.0,False,cfu/100mL,0,0
31DELRBC_WQX-892065,Navy Yard,2011-08-22,2011,8,1,A_pre2021,23.6,166.0,5.7,6.8,0.0,1.3,1.2999999999999858,19.299999999999972,92.50000000000003,0,140.0,False,cfu/100mL,0,1
31DELRBC_WQX-892071,Ben Franklin Bridge,2011-08-22,2011,8,1,A_pre2021,23.6,166.0,5.7,6.8,0.0,1.3,1.2999999999999858,19.299999999999972,92.50000000000003,0,1.0,True,cfu/100mL,0,0
31DELRBC_WQX-892065,Navy Yard,2011-09-14,2011,9,1,A_pre2021,20.3,141.0,7.8,6.9,0.0,0.0,0.4999999999999716,12.19999999999997,116.80000000000004,0,70.0,False,cfu/100mL,0,0
31DELRBC_WQX-892071,Ben Franklin Bridge,2011-09-14,2011,9,1,A_pre2021,20.3,141.0,7.8,6.9,0.0,0.0,0.4999999999999716,12.19999999999997,116.80000000000004,0,120.0,False,cfu/100mL,0,0
31DELRBC_WQX-892065,Navy Yard,2011-10-17,2011,10,0,A_pre2021,15.9,199.0,9.0,7.2,0.0,0.0,0.0,6.599999999999971,14.000000000000028,0,110.0,False,cfu/100mL,0,0
31DELRBC_WQX-892071,Ben Franklin Bridge,2011-10-17,2011,10,0,A_pre2021,15.9,199.0,9.0,7.2,0.0,0.0,0.0,6.599999999999971,14.000000000000028,0,50.0,False,cfu/100mL,0,0
31DELRBC_WQX-892065,Navy Yard,2012-04-23,2012,4,0,A_pre2021,15.2,273.0,8.5,7.2,2.5,47.5,51.299999999999976,51.29999999999997,51.30000000000003,1,130.0,False,cfu/100mL,0,1
31DELRBC_WQX-892071,Ben Franklin Bridge,2012-04-23,2012,4,0,A_pre2021,15.2,273.0,8.5,7.2,2.5,47.5,51.299999999999976,51.29999999999997,51.30000000000003,1,490.0,False,cfu/100mL,1,1
31DELRBC_WQX-892065,Navy Yard,2012-05-22,2012,5,1,A_pre2021,18.8,134.0,7.2,6.9,4.1,6.4,6.399999999999979,6.399999999999972,27.20000000000004,1,23.0,False,cfu/100mL,0,0
31DELRBC_WQX-892071,Ben Franklin Bridge,2012-05-22,2012,5,1,A_pre2021,18.8,134.0,7.2,6.9,4.1,6.4,6.399999999999979,6.399999999999972,27.20000000000004,1,22.0,False,cfu/100mL,0,0
31DELRBC_WQX-892065,Navy Yard,2012-06-25,2012,6,1,A_pre2021,25.1,225.0,7.4,7.1,0.0,0.0,0.0,13.999999999999972,14.000000000000036,0,30.0,False,cfu/100mL,0,0
31DELRBC_WQX-892071,Ben Franklin Bridge,2012-06-25,2012,6,1,A_pre2021,25.1,225.0,7.4,7.1,0.0,0.0,0.0,13.999999999999972,14.000000000000036,0,41.0,False,cfu/100mL,0,0
31DELRBC_WQX-892065,Navy Yard,2012-07-23,2012,7,1,A_pre2021,27.1,265.0,4.7,6.8,0.0,0.0,0.0,6.599999999999971,6.600000000000035,0,47.0,False,cfu/100mL,0,0
31DELRBC_WQX-892071,Ben Franklin Bridge,2012-07-23,2012,7,1,A_pre2021,27.1,265.0,4.7,6.8,0.0,0.0,0.0,6.599999999999971,6.600000000000035,0,153.0,False,cfu/100mL,0,1
31DELRBC_WQX-892065,Navy Yard,2012-08-21,2012,8,1,A_pre2021,26.8,264.0,4.0,6.8,0.0,0.0,0.0,10.899999999999972,46.50000000000004,0,90.0,False,cfu/100mL,0,0
31DELRBC_WQX-892071,Ben Franklin Bridge,2012-08-21,2012,8,1,A_pre2021,26.8,264.0,4.0,6.8,0.0,0.0,0.0,10.899999999999972,46.50000000000004,0,200.0,False,cfu/100mL,0,1
31DELRBC_WQX-892065,Navy Yard,2012-09-24,2012,9,1,A_pre2021,20.9,212.0,6.8,7.2,0.0,0.0,12.999999999999972,12.999999999999972,31.800000000000043,1,56.0,False,cfu/100mL,0,0
31DELRBC_WQX-892071,Ben Franklin Bridge,2012-09-24,2012,9,1,A_pre2021,20.9,212.0,6.8,7.2,0.0,0.0,12.999999999999972,12.999999999999972,31.800000000000043,1,410.0,False,cfu/100mL,1,1
31DELRBC_WQX-892065,Navy Yard,2012-10-22,2012,10,0,A_pre2021,15.0,224.0,8.4,7.3,0.0,0.0,0.0,9.399999999999972,10.900000000000043,0,67.0,False,cfu/100mL,0,0
31DELRBC_WQX-892071,Ben Franklin Bridge,2012-10-22,2012,10,0,A_pre2021,15.0,224.0,8.4,7.3,0.0,0.0,0.0,9.399999999999972,10.900000000000043,0,39.0,False,cfu/100mL,0,0
31DELRBC_WQX-892065,Navy Yard,2013-04-23,2013,4,0,A_pre2021,13.9,214.0,8.8,7.2,0.0,0.0,0.0,2.7999999999999714,14.000000000000039,0,16.0,False,cfu/100mL,0,0
31DELRBC_WQX-892071,Ben Franklin Bridge,2013-04-23,2013,4,0,A_pre2021,13.9,214.0,8.8,7.2,0.0,0.0,0.0,2.7999999999999714,14.000000000000039,0,16.0,False,cfu/100mL,0,0
31DELRBC_WQX-892065,Navy Yard,2013-05-21,2013,5,1,A_pre2021,19.2,237.0,6.4,7.2,0.0,0.0,0.9999999999999734,4.299999999999973,6.900000000000041,0,25.0,False,cfu/100mL,0,0
31DELRBC_WQX-892071,Ben Franklin Bridge,2013-05-21,2013,5,1,A_pre2021,19.2,237.0,6.4,7.2,0.0,0.0,0.9999999999999734,4.299999999999973,6.900000000000041,0,32.0,False,cfu/100mL,0,0
31DELRBC_WQX-892065,Navy Yard,2013-06-25,2013,6,1,A_pre2021,22.6,166.0,6.7,7.0,1.3,11.2,11.19999999999997,11.19999999999997,36.100000000000044,1,203.0,False,cfu/100mL,0,1
31DELRBC_WQX-892071,Ben Franklin Bridge,2013-06-25,2013,6,1,A_pre2021,22.6,166.0,6.7,7.0,1.3,11.2,11.19999999999997,11.19999999999997,36.100000000000044,1,240.0,False,cfu/100mL,1,1
31DELRBC_WQX-892065,Navy Yard,2013-07-22,2013,7,1,A_pre2021,28.4,212.0,6.9,7.2,0.0,0.0,9.899999999999972,9.899999999999975,9.90000000000005,1,97.0,False,cfu/100mL,0,0
31DELRBC_WQX-892071,Ben Franklin Bridge,2013-07-22,2013,7,1,A_pre2021,28.4,212.0,6.9,7.2,0.0,0.0,9.899999999999972,9.899999999999975,9.90000000000005,1,157.0,False,cfu/100mL,0,1
31DELRBC_WQX-892065,Navy Yard,2013-08-26,2013,8,1,A_pre2021,24.2,209.0,5.6,7.0,0.0,0.0,0.0,0.0,27.400000000000055,0,28.0,False,cfu/100mL,0,0
31DELRBC_WQX-892071,Ben Franklin Bridge,2013-08-26,2013,8,1,A_pre2021,24.2,209.0,5.6,7.0,0.0,0.0,0.0,0.0,27.400000000000055,0,61.0,False,cfu/100mL,0,0
31DELRBC_WQX-892065,Navy Yard,2013-09-23,2013,9,1,A_pre2021,21.6,252.0,5.5,7.1,0.0,1.8,28.49999999999997,28.49999999999997,29.800000000000058,1,220.0,False,cfu/100mL,0,1
31DELRBC_WQX-892071,Ben Franklin Bridge,2013-09-23,2013,9,1,A_pre2021,21.6,252.0,5.5,7.1,0.0,1.8,28.49999999999997,28.49999999999997,29.800000000000058,1,680.0,False,cfu/100mL,1,1
31DELRBC_WQX-892065,Navy Yard,2013-10-14,2013,10,0,A_pre2021,18.9,280.0,6.8,7.2,0.0,0.0,0.29999999999997157,42.69999999999997,58.70000000000005,0,137.0,False,cfu/100mL,0,1
31DELRBC_WQX-892071,Ben Franklin Bridge,2013-10-14,2013,10,0,A_pre2021,18.9,280.0,6.8,7.2,0.0,0.0,0.29999999999997157,42.69999999999997,58.70000000000005,0,207.0,False,cfu/100mL,0,1
31DELRBC_WQX-892065,Navy Yard,2014-04-21,2014,4,0,A_pre2021,11.0,167.0,10.2,7.1,0.0,0.0,0.0,0.0,19.300000000000058,0,12.0,False,cfu/100mL,0,0
31DELRBC_WQX-892071,Ben Franklin Bridge,2014-04-21,2014,4,0,A_pre2021,11.0,167.0,10.2,7.1,0.0,0.0,0.0,0.0,19.300000000000058,0,29.0,False,cfu/100mL,0,0
31DELRBC_WQX-892065,Navy Yard,2014-05-12,2014,5,1,A_pre2021,15.9,220.0,8.5,7.1,0.0,0.0,2.4999999999999716,2.4999999999999716,3.3000000000000425,0,110.0,False,cfu/100mL,0,0
31DELRBC_WQX-892071,Ben Franklin Bridge,2014-05-12,2014,5,1,A_pre2021,15.9,220.0,8.5,7.1,0.0,0.0,2.4999999999999716,2.4999999999999716,3.3000000000000425,0,173.0,False,cfu/100mL,0,1
31DELRBC_WQX-892065,Navy Yard,2014-06-16,2014,6,1,A_pre2021,22.8,270.0,7.3,7.3,0.0,0.0,0.0,13.499999999999972,95.50000000000003,0,80.0,False,cfu/100mL,0,0
31DELRBC_WQX-892071,Ben Franklin Bridge,2014-06-16,2014,6,1,A_pre2021,22.8,270.0,7.3,7.3,0.0,0.0,0.0,13.499999999999972,95.50000000000003,0,72.0,False,cfu/100mL,0,0
31DELRBC_WQX-892065,Navy Yard,2014-07-14,2014,7,1,A_pre2021,26.2,214.0,6.4,7.0,30.0,1.3,1.2999999999999716,1.2999999999999716,5.600000000000042,0,480.0,False,cfu/100mL,1,1
31DELRBC_WQX-892071,Ben Franklin Bridge,2014-07-14,2014,7,1,A_pre2021,26.2,214.0,6.4,7.0,30.0,1.3,1.2999999999999716,1.2999999999999716,5.600000000000042,0,240.0,False,cfu/100mL,1,1
31DELRBC_WQX-892065,Navy Yard,2014-08-11,2014,8,1,A_pre2021,25.6,261.0,5.5,7.0,0.0,0.0,0.0,0.0,0.0,0,27.0,False,cfu/100mL,0,0
31DELRBC_WQX-892071,Ben Franklin Bridge,2014-08-11,2014,8,1,A_pre2021,25.6,261.0,5.5,7.0,0.0,0.0,0.0,0.0,0.0,0,93.0,False,cfu/100mL,0,0
31DELRBC_WQX-892065,Navy Yard,2014-09-15,2014,9,1,A_pre2021,23.7,323.0,5.3,7.1,0.0,0.0,9.099999999999978,9.099999999999978,9.100000000000042,1,65.0,False,cfu/100mL,0,0
31DELRBC_WQX-892071,Ben Franklin Bridge,2014-09-15,2014,9,1,A_pre2021,23.7,323.0,5.3,7.1,0.0,0.0,9.099999999999978,9.099999999999978,9.100000000000042,1,183.0,False,cfu/100mL,0,1
31DELRBC_WQX-892065,Navy Yard,2014-10-20,2014,10,0,A_pre2021,17.7,321.0,7.1,7.2,0.0,0.0,0.0,0.0,23.40000000000004,0,163.0,False,cfu/100mL,0,1
31DELRBC_WQX-892071,Ben Franklin Bridge,2014-10-20,2014,10,0,A_pre2021,17.7,321.0,7.1,7.2,0.0,0.0,0.0,0.0,23.40000000000004,0,150.0,False,cfu/100mL,0,1
31DELRBC_WQX-892065,Navy Yard,2015-04-21,2015,4,0,A_pre2021,12.6,189.0,9.1,6.8,20.8,51.1,51.09999999999998,51.09999999999998,57.90000000000005,1,360.0,False,cfu/100mL,1,1
31DELRBC_WQX-892071,Ben Franklin Bridge,2015-04-21,2015,4,0,A_pre2021,12.6,189.0,9.1,6.8,20.8,51.1,51.09999999999998,51.09999999999998,57.90000000000005,1,1.0,True,cfu/100mL,0,0
31DELRBC_WQX-892065,Navy Yard,2015-05-19,2015,5,1,A_pre2021,20.6,285.0,6.9,6.9,0.3,0.8,1.0999999999999788,9.499999999999979,9.50000000000005,0,54.0,False,cfu/100mL,0,0
31DELRBC_WQX-892071,Ben Franklin Bridge,2015-05-19,2015,5,1,A_pre2021,20.6,285.0,6.9,6.9,0.3,0.8,1.0999999999999788,9.499999999999979,9.50000000000005,0,61.0,False,cfu/100mL,0,0
31DELRBC_WQX-892065,Navy Yard,2015-06-16,2015,6,1,A_pre2021,24.3,283.0,6.9,7.0,0.0,0.0,2.2999999999999785,2.2999999999999785,2.8000000000000425,0,127.0,False,cfu/100mL,0,1
31DELRBC_WQX-892071,Ben Franklin Bridge,2015-06-16,2015,6,1,A_pre2021,24.3,283.0,6.9,7.0,0.0,0.0,2.2999999999999785,2.2999999999999785,2.8000000000000425,0,90.0,False,cfu/100mL,0,0
31DELRBC_WQX-892065,Navy Yard,2015-07-14,2015,7,1,A_pre2021,24.6,184.0,7.3,7.1,14.7,0.0,0.0,0.0,19.300000000000043,0,72.0,False,cfu/100mL,0,0
31DELRBC_WQX-892071,Ben Franklin Bridge,2015-07-14,2015,7,1,A_pre2021,24.6,184.0,7.3,7.1,14.7,0.0,0.0,0.0,19.300000000000043,0,123.0,False,cfu/100mL,0,0
31DELRBC_WQX-892065,Navy Yard,2015-08-18,2015,8,1,A_pre2021,26.7,263.0,5.2,7.2,0.0,0.0,0.0,0.0,18.300000000000043,0,113.0,False,cfu/100mL,0,0
31DELRBC_WQX-892071,Ben Franklin Bridge,2015-08-18,2015,8,1,A_pre2021,26.7,263.0,5.2,7.2,0.0,0.0,0.0,0.0,18.300000000000043,0,207.0,False,cfu/100mL,0,1
31DELRBC_WQX-892065,Navy Yard,2015-09-15,2015,9,1,A_pre2021,24.9,285.0,5.0,7.2,0.0,0.0,0.0,0.49999999999997163,121.70000000000005,0,207.0,False,cfu/100mL,0,1
31DELRBC_WQX-892071,Ben Franklin Bridge,2015-09-15,2015,9,1,A_pre2021,24.9,285.0,5.0,7.2,0.0,0.0,0.0,0.49999999999997163,121.70000000000005,0,270.0,False,cfu/100mL,1,1
31DELRBC_WQX-892065,Navy Yard,2015-10-14,2015,10,0,A_pre2021,18.1,309.0,6.8,7.3,0.0,0.0,0.0,0.0,7.400000000000043,0,72.0,False,cfu/100mL,0,0
31DELRBC_WQX-892071,Ben Franklin Bridge,2015-10-14,2015,10,0,A_pre2021,18.1,309.0,6.8,7.3,0.0,0.0,0.0,0.0,7.400000000000043,0,50.0,False,cfu/100mL,0,0
31DELRBC_WQX-892065,Navy Yard,2016-04-20,2016,4,0,A_pre2021,12.5,239.0,9.9,7.4,0.0,0.0,0.0,0.0,0.0,0,33.0,False,cfu/100mL,0,0
31DELRBC_WQX-892071,Ben Franklin Bridge,2016-04-20,2016,4,0,A_pre2021,12.5,239.0,9.9,7.4,0.0,0.0,0.0,0.0,0.0,0,19.0,False,cfu/100mL,0,0
31DELRBC_WQX-892065,Navy Yard,2016-05-17,2016,5,1,A_pre2021,15.0,207.0,8.2,7.2,3.0,0.0,0.0,2.4999999999999716,8.100000000000048,0,170.0,False,cfu/100mL,0,1
31DELRBC_WQX-892071,Ben Franklin Bridge,2016-05-17,2016,5,1,A_pre2021,15.0,207.0,8.2,7.2,3.0,0.0,0.0,2.4999999999999716,8.100000000000048,0,137.0,False,cfu/100mL,0,1
31DELRBC_WQX-892065,Navy Yard,2016-06-14,2016,6,1,A_pre2021,23.0,266.0,6.3,7.2,0.0,0.0,0.0,0.0,3.3000000000000496,0,20.0,False,cfu/100mL,0,0
31DELRBC_WQX-892071,Ben Franklin Bridge,2016-06-14,2016,6,1,A_pre2021,23.0,266.0,6.3,7.2,0.0,0.0,0.0,0.0,3.3000000000000496,0,38.0,False,cfu/100mL,0,0
31DELRBC_WQX-892065,Navy Yard,2016-07-19,2016,7,1,A_pre2021,27.4,300.0,5.2,7.0,0.0,14.7,14.69999999999997,17.19999999999997,21.00000000000005,1,93.0,False,cfu/100mL,0,0
31DELRBC_WQX-892071,Ben Franklin Bridge,2016-07-19,2016,7,1,A_pre2021,27.4,300.0,5.2,7.0,0.0,14.7,14.69999999999997,17.19999999999997,21.00000000000005,1,500.0,False,cfu/100mL,1,1
31DELRBC_WQX-892065,Navy Yard,2016-08-16,2016,8,1,A_pre2021,28.8,262.0,6.0,7.0,0.0,0.0,0.7999999999999716,0.7999999999999716,8.70000000000005,0,22.0,False,cfu/100mL,0,0
31DELRBC_WQX-892071,Ben Franklin Bridge,2016-08-16,2016,8,1,A_pre2021,28.8,262.0,6.0,7.0,0.0,0.0,0.7999999999999716,0.7999999999999716,8.70000000000005,0,12.0,False,cfu/100mL,0,0
31DELRBC_WQX-892065,Navy Yard,2016-09-13,2016,9,1,A_pre2021,26.1,304.0,5.3,7.0,0.0,0.0,0.0,0.0,0.0,0,43.0,False,cfu/100mL,0,0
31DELRBC_WQX-892071,Ben Franklin Bridge,2016-09-13,2016,9,1,A_pre2021,26.1,304.0,5.3,7.0,0.0,0.0,0.0,0.0,0.0,0,38.0,False,cfu/100mL,0,0
31DELRBC_WQX-892065,Navy Yard,2016-10-17,2016,10,0,A_pre2021,18.4,366.0,6.3,7.0,0.0,0.0,0.0,0.0,0.0,0,17.0,False,cfu/100mL,0,0
31DELRBC_WQX-892071,Ben Franklin Bridge,2016-10-17,2016,10,0,A_pre2021,18.4,366.0,6.3,7.0,0.0,0.0,0.0,0.0,0.0,0,36.0,False,cfu/100mL,0,0
31DELRBC_WQX-892065,Navy Yard,2017-04-10,2017,4,0,A_pre2021,8.8,141.0,11.2,7.2,0.0,0.0,0.0,0.0,49.00000000000004,0,190.0,False,cfu/100mL,0,1
31DELRBC_WQX-892071,Ben Franklin Bridge,2017-04-10,2017,4,0,A_pre2021,8.8,141.0,11.2,7.2,0.0,0.0,0.0,0.0,49.00000000000004,0,200.0,False,cfu/100mL,0,1
31DELRBC_WQX-892065,Navy Yard,2017-05-22,2017,5,1,A_pre2021,18.1,200.0,8.0,7.1,13.0,0.0,0.0,0.0,0.0,0,19.0,False,cfu/100mL,0,0
31DELRBC_WQX-892071,Ben Franklin Bridge,2017-05-22,2017,5,1,A_pre2021,18.1,200.0,8.0,7.1,13.0,0.0,0.0,0.0,0.0,0,54.0,False,cfu/100mL,0,0
31DELRBC_WQX-892065,Navy Yard,2017-06-12,2017,6,1,A_pre2021,20.1,207.0,8.1,7.3,0.0,0.0,0.0,0.0,6.3000000000000425,0,52.0,False,cfu/100mL,0,0
31DELRBC_WQX-892071,Ben Franklin Bridge,2017-06-12,2017,6,1,A_pre2021,20.1,207.0,8.1,7.3,0.0,0.0,0.0,0.0,6.3000000000000425,0,77.0,False,cfu/100mL,0,0
31DELRBC_WQX-892065,Navy Yard,2017-07-10,2017,7,1,A_pre2021,26.2,251.0,5.7,7.1,0.0,0.0,0.2999999999999787,13.299999999999972,28.300000000000043,0,140.0,False,cfu/100mL,0,1
31DELRBC_WQX-892071,Ben Franklin Bridge,2017-07-10,2017,7,1,A_pre2021,26.2,251.0,5.7,7.1,0.0,0.0,0.2999999999999787,13.299999999999972,28.300000000000043,0,90.0,False,cfu/100mL,0,0
31DELRBC_WQX-892065,Navy Yard,2017-08-07,2017,8,1,A_pre2021,25.0,222.0,6.5,7.1,13.7,0.0,21.29999999999998,21.299999999999972,56.10000000000004,1,203.0,False,cfu/100mL,0,1
31DELRBC_WQX-892071,Ben Franklin Bridge,2017-08-07,2017,8,1,A_pre2021,25.0,222.0,6.5,7.1,13.7,0.0,21.29999999999998,21.299999999999972,56.10000000000004,1,207.0,False,cfu/100mL,0,1
31DELRBC_WQX-892065,Navy Yard,2017-09-18,2017,9,1,A_pre2021,22.6,292.0,5.6,7.1,0.0,0.0,65.49999999999997,65.49999999999997,66.50000000000004,1,65.0,False,cfu/100mL,0,0
31DELRBC_WQX-892071,Ben Franklin Bridge,2017-09-18,2017,9,1,A_pre2021,22.6,292.0,5.6,7.1,0.0,0.0,65.49999999999997,65.49999999999997,66.50000000000004,1,75.0,False,cfu/100mL,0,0
31DELRBC_WQX-892065,Navy Yard,2017-10-09,2017,10,0,A_pre2021,22.2,330.0,5.8,7.1,16.8,0.5,0.4999999999999716,0.4999999999999716,0.5000000000000426,0,70.0,False,cfu/100mL,0,0
31DELRBC_WQX-892071,Ben Franklin Bridge,2017-10-09,2017,10,0,A_pre2021,22.2,330.0,5.8,7.1,16.8,0.5,0.4999999999999716,0.4999999999999716,0.5000000000000426,0,74.0,False,cfu/100mL,0,0
31DELRBC_WQX-892065,Navy Yard,2018-04-23,2018,4,0,A_pre2021,9.2,194.0,11.1,7.3,0.0,0.0,0.0,0.0,57.90000000000004,0,19.0,False,cfu/100mL,0,0
31DELRBC_WQX-892071,Ben Franklin Bridge,2018-04-23,2018,4,0,A_pre2021,9.2,194.0,11.1,7.3,0.0,0.0,0.0,0.0,57.90000000000004,0,31.0,False,cfu/100mL,0,0
31DELRBC_WQX-892065,Navy Yard,2018-05-07,2018,5,1,A_pre2021,16.0,214.0,8.8,7.3,0.0,0.0,0.0,0.0,0.0,0,3.0,False,cfu/100mL,0,0
31DELRBC_WQX-892071,Ben Franklin Bridge,2018-05-07,2018,5,1,A_pre2021,16.0,214.0,8.8,7.3,0.0,0.0,0.0,0.0,0.0,0,41.0,False,cfu/100mL,0,0
31DELRBC_WQX-892065,Navy Yard,2018-06-11,2018,6,1,A_pre2021,21.1,245.0,6.3,7.1,17.5,19.6,19.89999999999998,19.899999999999984,26.00000000000005,1,250.0,False,cfu/100mL,1,1
31DELRBC_WQX-892071,Ben Franklin Bridge,2018-06-11,2018,6,1,A_pre2021,21.1,245.0,6.3,7.1,17.5,19.6,19.89999999999998,19.899999999999984,26.00000000000005,1,1.0,True,cfu/100mL,0,0
31DELRBC_WQX-892065,Navy Yard,2018-07-09,2018,7,1,A_pre2021,27.0,323.0,5.3,7.2,0.0,0.0,0.0,2.4999999999999822,2.8000000000000496,0,160.0,False,cfu/100mL,0,1
31DELRBC_WQX-892071,Ben Franklin Bridge,2018-07-09,2018,7,1,A_pre2021,27.0,323.0,5.3,7.2,0.0,0.0,0.0,2.4999999999999822,2.8000000000000496,0,257.0,False,cfu/100mL,1,1
31DELRBC_WQX-892065,Navy Yard,2018-08-13,2018,8,1,A_pre2021,25.7,185.0,6.1,7.1,13.2,0.0,20.09999999999998,20.099999999999984,22.900000000000052,1,650.0,False,cfu/100mL,1,1
31DELRBC_WQX-892071,Ben Franklin Bridge,2018-08-13,2018,8,1,A_pre2021,25.7,185.0,6.1,7.1,13.2,0.0,20.09999999999998,20.099999999999984,22.900000000000052,1,490.0,False,cfu/100mL,1,1
31DELRBC_WQX-892065,Navy Yard,2018-09-17,2018,9,1,A_pre2021,20.2,191.0,7.1,7.2,0.3,0.0,0.0,0.0,5.800000000000057,0,67.0,False,cfu/100mL,0,0
31DELRBC_WQX-892071,Ben Franklin Bridge,2018-09-17,2018,9,1,A_pre2021,20.2,191.0,7.1,7.2,0.3,0.0,0.0,0.0,5.800000000000057,0,190.0,False,cfu/100mL,0,1
31DELRBC_WQX-892065,Navy Yard,2018-10-08,2018,10,0,A_pre2021,18.2,162.0,8.3,,0.8,0.0,0.0,0.0,13.500000000000057,0,197.0,False,cfu/100mL,0,1
31DELRBC_WQX-892071,Ben Franklin Bridge,2018-10-08,2018,10,0,A_pre2021,18.2,162.0,8.3,,0.8,0.0,0.0,0.0,13.500000000000057,0,340.0,False,cfu/100mL,1,1
31DELRBC_WQX-892065,Navy Yard,2019-04-22,2019,4,0,A_pre2021,14.1,162.0,9.4,7.2,0.3,0.0,14.199999999999985,24.89999999999999,41.40000000000006,1,39.0,False,cfu/100mL,0,0
31DELRBC_WQX-892071,Ben Franklin Bridge,2019-04-22,2019,4,0,A_pre2021,14.1,162.0,9.4,7.2,0.3,0.0,14.199999999999985,24.89999999999999,41.40000000000006,1,60.0,False,cfu/100mL,0,0
31DELRBC_WQX-892065,Navy Yard,2019-05-20,2019,5,1,A_pre2021,15.9,167.0,9.0,7.2,0.0,0.0,0.0,1.7999999999999965,25.700000000000067,0,44.0,False,cfu/100mL,0,0
31DELRBC_WQX-892071,Ben Franklin Bridge,2019-05-20,2019,5,1,A_pre2021,15.9,167.0,9.0,7.2,0.0,0.0,0.0,1.7999999999999965,25.700000000000067,0,35.0,False,cfu/100mL,0,0
31DELRBC_WQX-892065,Navy Yard,2019-06-17,2019,6,1,A_pre2021,21.4,248.0,7.4,7.3,2.8,1.0,0.9999999999999858,0.9999999999999929,48.50000000000006,0,620.0,False,cfu/100mL,1,1
31DELRBC_WQX-892071,Ben Franklin Bridge,2019-06-17,2019,6,1,A_pre2021,21.4,248.0,7.4,7.3,2.8,1.0,0.9999999999999858,0.9999999999999929,48.50000000000006,0,1.0,True,cfu/100mL,0,0
31DELRBC_WQX-892065,Navy Yard,2019-07-15,2019,7,1,A_pre2021,26.7,255.0,5.5,7.1,0.0,0.0,0.0,0.0,37.00000000000006,0,183.0,False,cfu/100mL,0,1
31DELRBC_WQX-892071,Ben Franklin Bridge,2019-07-15,2019,7,1,A_pre2021,26.7,255.0,5.5,7.1,0.0,0.0,0.0,0.0,37.00000000000006,0,140.0,False,cfu/100mL,0,1
31DELRBC_WQX-892065,Navy Yard,2019-08-27,2019,8,1,A_pre2021,25.7,299.0,4.7,7.0,0.0,0.0,0.0,0.0,13.200000000000056,0,240.0,False,cfu/100mL,1,1
31DELRBC_WQX-892071,Ben Franklin Bridge,2019-08-27,2019,8,1,A_pre2021,25.7,299.0,4.7,7.0,0.0,0.0,0.0,0.0,13.200000000000056,0,450.0,False,cfu/100mL,1,1
31DELRBC_WQX-892065,Navy Yard,2019-09-09,2019,9,1,A_pre2021,24.3,314.0,5.5,7.1,0.0,0.0,0.0,1.7999999999999858,12.700000000000056,0,160.0,False,cfu/100mL,0,1
31DELRBC_WQX-892071,Ben Franklin Bridge,2019-09-09,2019,9,1,A_pre2021,24.3,314.0,5.5,7.1,0.0,0.0,0.0,1.7999999999999858,12.700000000000056,0,237.0,False,cfu/100mL,1,1
31DELRBC_WQX-892065,Navy Yard,2019-10-07,2019,10,0,A_pre2021,21.5,384.0,5.8,7.4,0.0,0.0,0.0,0.9999999999999858,2.3000000000000567,0,53.0,False,cfu/100mL,0,0
31DELRBC_WQX-892071,Ben Franklin Bridge,2019-10-07,2019,10,0,A_pre2021,21.5,384.0,5.8,7.4,0.0,0.0,0.0,0.9999999999999858,2.3000000000000567,0,100.0,False,cfu/100mL,0,0
31DELRBC_WQX-892065,Navy Yard,2021-03-16,2021,3,0,A_pre2021,7.5,241.0,12.0,7.7,0.0,0.0,0.0,0.0,0.0,0,28.0,False,cfu/100mL,0,0
31DELRBC_WQX-892071,Ben Franklin Bridge,2021-03-16,2021,3,0,A_pre2021,7.5,241.0,12.0,7.7,0.0,0.0,0.0,0.0,0.0,0,34.0,False,cfu/100mL,0,0
31DELRBC_WQX-892065,Navy Yard,2021-04-19,2021,4,0,A_pre2021,13.4,251.0,8.9,7.4,0.0,0.0,0.0,0.0,1.1000000000000711,0,15.0,False,cfu/100mL,0,0
31DELRBC_WQX-892071,Ben Franklin Bridge,2021-04-19,2021,4,0,A_pre2021,13.4,251.0,8.9,7.4,0.0,0.0,0.0,0.0,1.1000000000000711,0,27.0,False,cfu/100mL,0,0
31DELRBC_WQX-892065,Navy Yard,2021-05-25,2021,5,1,A_pre2021,19.4,222.0,9.5,7.3,0.0,0.0,0.0,0.0,0.0,0,44.0,False,cfu/100mL,0,0
31DELRBC_WQX-892071,Ben Franklin Bridge,2021-05-25,2021,5,1,A_pre2021,19.4,222.0,9.5,7.3,0.0,0.0,0.0,0.0,0.0,0,27.0,False,cfu/100mL,0,0
31DELRBC_WQX-892065,Navy Yard,2021-06-14,2021,6,1,A_pre2021,22.9,266.0,5.0,7.0,20.1,0.0,0.0,7.899999999999986,19.100000000000072,0,62.0,False,cfu/100mL,0,0
31DELRBC_WQX-892071,Ben Franklin Bridge,2021-06-14,2021,6,1,A_pre2021,22.9,266.0,5.0,7.0,20.1,0.0,0.0,7.899999999999986,19.100000000000072,0,58.0,False,cfu/100mL,0,0
31DELRBC_WQX-892065,Navy Yard,2021-07-19,2021,7,1,A_pre2021,26.0,187.0,5.5,6.9,0.0,0.0,51.09999999999999,51.09999999999999,78.80000000000007,1,210.0,False,cfu/100mL,0,1
31DELRBC_WQX-892071,Ben Franklin Bridge,2021-07-19,2021,7,1,A_pre2021,26.0,187.0,5.5,6.9,0.0,0.0,51.09999999999999,51.09999999999999,78.80000000000007,1,350.0,False,cfu/100mL,1,1
31DELRBC_WQX-892065,Navy Yard,2021-09-20,2021,9,1,A_pre2021,22.4,191.0,6.7,7.0,0.0,0.0,0.0,0.2999999999999858,1.6000000000000711,0,52.0,False,cfu/100mL,0,0
31DELRBC_WQX-892071,Ben Franklin Bridge,2021-09-20,2021,9,1,A_pre2021,22.4,191.0,6.7,7.0,0.0,0.0,0.0,0.2999999999999858,1.6000000000000711,0,45.0,False,cfu/100mL,0,0
31DELRBC_WQX-892065,Navy Yard,2021-10-04,2021,10,0,A_pre2021,19.0,173.0,7.4,6.9,0.0,0.0,0.0,0.0,1.800000000000071,0,21.0,False,cfu/100mL,0,0
31DELRBC_WQX-892071,Ben Franklin Bridge,2021-10-04,2021,10,0,A_pre2021,19.0,173.0,7.4,6.9,0.0,0.0,0.0,0.0,1.800000000000071,0,60.0,False,cfu/100mL,0,0
